url,price,product_name
https://www.hobo.nl/ma8000.html,"13.999,-",McIntosh MA8000
https://www.hobo.nl/ma8000.html,"799,-",Paradigm PW AMP
https://www.hobo.nl/ma8000.html,"2.990,-",Moon Neo ACE zwart zilver
https://www.hobo.nl/ma8000.html,"2.990,-",Moon Neo ACE zwart
https://www.hobo.nl/ma8000.html,"499,-",NAD MDC DD-BluOS 2 module
https://www.hobo.nl/ma8000.html,"4.290,-",AVM MP 3.2 zwart
https://www.hobo.nl/ma8000.html,"399,-",Marantz CD6005 zilver
https://www.hobo.nl/ma8000.html,"399,-",Mitchell & Johnson CDD-201V Zwart
https://www.hobo.nl/ma8000.html,"499,-",Pro-Ject Debut Carbon Esprit DC 2M-Red zwart hoogglans
https://www.hobo.nl/nad-m32-zilver.html,"4.499,-",NAD M32
https://www.hobo.nl/audioquest-dragonfly-red.html,"199,-",AudioQuest DragonFly Red
https://www.hobo.nl/ma8000.html,"749,-",Thorens TD 235
https://www.hobo.nl/ma8000.html,"899,-",Thorens TD 295 mkIV zilver
https://www.hobo.nl/nad-m32-zilver.html,"1.199,-",Bluesound Pulse Soundbar
https://www.hobo.nl/nad-m32-zilver.html,"899,-",Bluesound PowerNode 2 wit
https://www.hobo.nl/nad-m32-zilver.html,"899,-",Bluesound PowerNode 2 zwart
https://www.hobo.nl/audioquest-dragonfly-red.html,"129,-",Arcam MusicBOOST
https://www.hobo.nl/audioquest-dragonfly-red.html,"49,-",Grado  hoofdtelefoon verlengkabel  4.8 meter 6.35M>6.35F
https://www.hobo.nl/audioquest-dragonfly-red.html,"249,95",Sennheiser CH 700 S
https://www.hobo.nl/anthem-mrx-720.html,"3.299,-",Anthem MRX 720
https://www.hobo.nl/ma8000.html,"899,-",Thorens TD 295 mkIV hoogglans zwart
https://www.hobo.nl/ma8000.html,"899,-",Thorens TD 295 mkIV hoogglans mahonie
https://www.hobo.nl/carbon-coax-9881.html,"269,-",AudioQuest Carbon Dig. Coax
https://www.hobo.nl/accessoires/stand-3x.html,"122,50",Dynaudio Stand 3X 
https://www.hobo.nl/luidsprekers/elac-starlet-wit-hoogglans.html,"89,-",Elac Starlet wit hoogglans
https://www.hobo.nl/nad-m32-zilver.html,"1.299,-",Bluesound Vault 2 zwart
https://www.hobo.nl/nad-m32-zilver.html,"3.299,-",Anthem MRX 720
https://www.hobo.nl/audioquest-dragonfly-red.html,"499,-",Pryma 01 Coffee & Cream
https://www.hobo.nl/audioquest-dragonfly-red.html,"499,-",Pryma 01 Classic Pure Black
https://www.hobo.nl/anthem-mrx-720.html,"1.999,-",Anthem MRX 520
https://www.hobo.nl/anthem-mrx-720.html,"4.699,-",Anthem MRX 1120
https://www.hobo.nl/ma8000.html,"798,95",Thorens TD 203 hoogglans wit
https://www.hobo.nl/ma8000.html,"799,-",Thorens TD 203 hoogglans rood
https://www.hobo.nl/ma8000.html,"799,-",Thorens TD 203 hoogglans zwart
https://www.hobo.nl/carbon-coax-9881.html,"75,-",AudioQuest Golden Gate RCA 
https://www.hobo.nl/carbon-coax-9881.html,"37,50",AudioQuest Black Lab 
https://www.hobo.nl/carbon-coax-9881.html,"175,-",AudioQuest Carbon Dig. Coax 
https://www.hobo.nl/accessoires/stand-3x.html,"229,-",Norstone Esse Hifi zwart
https://www.hobo.nl/accessoires/stand-3x.html,"259,-",Paradigm J-23
https://www.hobo.nl/accessoires/stand-3x.html,"499,-",Paradigm J-18C
https://www.hobo.nl/luidsprekers/elac-starlet-wit-hoogglans.html,"99,95",Bayan Audio Soundbook GO rood
https://www.hobo.nl/luidsprekers/elac-starlet-wit-hoogglans.html,"99,95",Bayan Audio Soundbook GO zwart
https://www.hobo.nl/luidsprekers/elac-starlet-wit-hoogglans.html,"125,-",Monitor Audio Radius stand wit
https://www.hobo.nl/nad-m32-zilver.html,"699,-",Bluesound Pulse Sub
https://www.hobo.nl/nad-m32-zilver.html,"579,-",Sonos CONNECT:AMP
https://www.hobo.nl/nad-m32-zilver.html,"299,95",Bayan Audio Soundbook X3 zwart
https://www.hobo.nl/audioquest-dragonfly-red.html,"499,-",Pryma 01 Classic Heavy Gold
https://www.hobo.nl/audioquest-dragonfly-red.html,"549,-",Pryma 01 Special Carbon Marsala
https://www.hobo.nl/audioquest-dragonfly-red.html,"499,-",Pryma 01 Special Rose Gold Dark Grey
https://www.hobo.nl/anthem-mrx-720.html,"4.199,-",Anthem AVM 60
https://www.hobo.nl/anthem-mrx-720.html,"4.299,-",Anthem MCA 525
https://www.hobo.nl/anthem-mrx-720.html,"3.099,-",Anthem MCA 325
https://www.hobo.nl/ma8000.html,"1.099,-",Thorens TD 206 hoogglans wit
https://www.hobo.nl/ma8000.html,"1.099,-",Thorens TD 206 hoogglans rood
https://www.hobo.nl/ma8000.html,"1.099,-",Thorens TD 206 hoogglans zwart
https://www.hobo.nl/carbon-coax-9881.html,"109,-",AudioQuest Chocolate HDMI 
https://www.hobo.nl/carbon-coax-9881.html,"65,-",AudioQuest Cinnamon Dig. Coax 
https://www.hobo.nl/carbon-coax-9881.html,"69,-",AudioQuest Cinnamon HDMI
https://www.hobo.nl/accessoires/stand-3x.html,"125,-",Monitor Audio Radius stand wit
https://www.hobo.nl/accessoires/stand-3x.html,"149,-",Norstone Epur stand
https://www.hobo.nl/accessoires/stand-3x.html,"39,95",Flexson PLAY:1 Muurbeugel  wit
https://www.hobo.nl/luidsprekers/elac-starlet-wit-hoogglans.html,"110,-",Bowers & Wilkins CCM362
https://www.hobo.nl/luidsprekers/elac-starlet-wit-hoogglans.html,"149,-",DALI Zensor 1 zwart
https://www.hobo.nl/luidsprekers/elac-starlet-wit-hoogglans.html,"149,-",DALI Zensor 1 walnoot
https://www.hobo.nl/nad-m32-zilver.html,"299,95",Bayan Audio Soundbook X3 zilver
https://www.hobo.nl/nad-m32-zilver.html,"179,95",Bayan Audio Soundbook  zilver
https://www.hobo.nl/nad-m32-zilver.html,"179,95",Bayan Audio Soundbook  zwart
https://www.hobo.nl/audioquest-dragonfly-red.html,"499,-",Pryma 01 Notte
https://www.hobo.nl/audioquest-dragonfly-red.html,"549,-",Pryma 01 Carbon Notte
https://www.hobo.nl/audioquest-dragonfly-red.html,"89,-",Pryma Pryma 01 Headband Coffee
https://www.hobo.nl/anthem-mrx-720.html,"2.499,-",Anthem MCA 225
https://www.hobo.nl/anthem-mrx-720.html,"1.899,-",Paradigm Soundscape
https://www.hobo.nl/anthem-mrx-720.html,"799,-",Sonos PLAYBAR
https://www.hobo.nl/ma8000.html,"1.099,-",Thorens TD 209 hoogglans wit
https://www.hobo.nl/ma8000.html,"1.099,-",Thorens TD 209 hoogglans rood
https://www.hobo.nl/ma8000.html,"1.099,-",Thorens TD 209 hoogglans zwart
https://www.hobo.nl/carbon-coax-9881.html,"69,-",AudioQuest Cinnamon Optical 
https://www.hobo.nl/carbon-coax-9881.html,"35,-",AudioQuest Evergreen 3.5mm-RCA 
https://www.hobo.nl/carbon-coax-9881.html,"35,-",AudioQuest Evergreen RCA 
https://www.hobo.nl/accessoires/stand-3x.html,"58,95",Flexson PLAY:3 Muurbeugel  wit
https://www.hobo.nl/accessoires/stand-3x.html,"39,95",Flexson PLAY:1 Muurbeugel  zwart
https://www.hobo.nl/accessoires/stand-3x.html,"58,95",Flexson PLAY:3 Muurbeugel  zwart
https://www.hobo.nl/luidsprekers/elac-starlet-wit-hoogglans.html,"149,-",DALI Zensor 1 wit
https://www.hobo.nl/luidsprekers/elac-starlet-wit-hoogglans.html,"159,-",Bowers & Wilkins CCM382
https://www.hobo.nl/luidsprekers/elac-starlet-wit-hoogglans.html,"179,-",Yamaha MusicCast WX-010 wit
https://www.hobo.nl/nad-m32-zilver.html,"74,95",Bayan Audio StreamPort Universal wit
https://www.hobo.nl/nad-m32-zilver.html,"139,-",Arcam miniBlink
https://www.hobo.nl/nad-m32-zilver.html,"229,-",Arcam rBlink zwart
https://www.hobo.nl/audioquest-dragonfly-red.html,"89,-",Pryma Pryma 01 Headband Marsala
https://www.hobo.nl/audioquest-dragonfly-red.html,"89,-",Pryma Pryma 01 Headband Pure Black Silver
https://www.hobo.nl/audioquest-dragonfly-red.html,"89,-",Pryma Pryma 01 Headband Dark Grey
https://www.hobo.nl/anthem-mrx-720.html,"3.799,-",Samsung UE65JU7000
https://www.hobo.nl/anthem-mrx-720.html,"2.299,-",Samsung UE48JS9000L
https://www.hobo.nl/anthem-mrx-720.html,"699,-",NAD T748 V2
https://www.hobo.nl/ma8000.html,"1.499,-",Thorens TD 309 rood
https://www.hobo.nl/ma8000.html,"1.499,-",Thorens TD 309 zwart
https://www.hobo.nl/ma8000.html,"1.499,-",Thorens TD 309 hoogglans wit
https://www.hobo.nl/carbon-coax-9881.html,"27,50",AudioQuest Forest Dig. Coax 
https://www.hobo.nl/carbon-coax-9881.html,"39,-",AudioQuest Forest HDMI 
https://www.hobo.nl/carbon-coax-9881.html,"39,-",AudioQuest Forest Optical 
https://www.hobo.nl/accessoires/stand-3x.html,"68,95",Flexson PLAY:1 Muurbeugelset Wit
https://www.hobo.nl/accessoires/stand-3x.html,"73,95",Flexson PLAY:1 Muurbeugelset Zwart
https://www.hobo.nl/accessoires/stand-3x.html,"399,95",Vogel's NEXT 7345 DesignMount muurbeugel
https://www.hobo.nl/luidsprekers/elac-starlet-wit-hoogglans.html,"179,-",Yamaha MusicCast WX-010 zwart
https://www.hobo.nl/luidsprekers/elac-starlet-wit-hoogglans.html,"169,-",Paradigm CI Home H55-IW
https://www.hobo.nl/nad-m32-zilver.html,"3.990,-",AVM CS 2.2  zwart
https://www.hobo.nl/nad-m32-zilver.html,"3.990,-",AVM CS 2.2  zilver
https://www.hobo.nl/nad-m32-zilver.html,"5.490,-",AVM CS 5.2  zwart
https://www.hobo.nl/audioquest-dragonfly-red.html,"89,-",Pryma Pryma 01 Headband Pure Black Notte
https://www.hobo.nl/audioquest-dragonfly-red.html,"89,-",Pryma Pryma 01 Headband Pure Black Gold
https://www.hobo.nl/audioquest-dragonfly-red.html,"399,-",Sennheiser RS 195
https://www.hobo.nl/anthem-mrx-720.html,"1.499,-",Anthem MRX 310
https://www.hobo.nl/anthem-mrx-720.html,"1.499,-",Elac 2.1 MicroMagic
https://www.hobo.nl/anthem-mrx-720.html,"1.899,-",Arcam FMJ AVR380
https://www.hobo.nl/ma8000.html,"1.499,-",Thorens TD 309 hoogglans rood
https://www.hobo.nl/ma8000.html,"1.499,-",Thorens TD 309 hoogglans zwart
https://www.hobo.nl/carbon-coax-9881.html,"75,-",AudioQuest Golden Gate 3.5mm-RCA 
https://www.hobo.nl/carbon-coax-9881.html,"225,-",AudioQuest Carbon HDMI
https://www.hobo.nl/carbon-coax-9881.html,"89,-",AudioQuest Irish Red 
https://www.hobo.nl/accessoires/stand-3x.html,"209,-",Pro-Ject AD Phono Box S zilver
https://www.hobo.nl/accessoires/stand-3x.html,"99,-",Pro-Ject Acryl it E draaiplateau
https://www.hobo.nl/accessoires/stand-3x.html,"79,-",Ortofon 2M Red naald
https://www.hobo.nl/luidsprekers/elac-starlet-wit-hoogglans.html,"169,-",Paradigm CI Home H55-R
https://www.hobo.nl/luidsprekers/elac-starlet-wit-hoogglans.html,"299,-",Yamaha MusicCast WX-030 zwart
https://www.hobo.nl/luidsprekers/elac-starlet-wit-hoogglans.html,"199,-",Paradigm CI Home H65-IW
https://www.hobo.nl/nad-m32-zilver.html,"5.490,-",AVM CS 5.2  zilver
https://www.hobo.nl/nad-m32-zilver.html,"3.990,-",AVM SD 3.2 zwart
https://www.hobo.nl/nad-m32-zilver.html,"3.990,-",AVM SD 3.2 zilver
https://www.hobo.nl/audioquest-dragonfly-red.html,"9,95",Com4Supplies Verlengkabel 6.3 mm - 5M
https://www.hobo.nl/audioquest-dragonfly-red.html,"4,95",Com4Supplies Adapter 6.3mm -> 3.5mm
https://www.hobo.nl/anthem-mrx-720.html,"1.099,-",Arcam UDP411
https://www.hobo.nl/anthem-mrx-720.html,"1.599,-",Oppo BDP-105 Darbee Edition zwart
https://www.hobo.nl/ma8000.html,"2.799,-",Anthem PVA7 zwart
https://www.hobo.nl/ma8000.html,"2.199,-",Anthem PVA5 zwart
https://www.hobo.nl/carbon-coax-9881.html,"189,-",AudioQuest Mackenzie RCA 
https://www.hobo.nl/carbon-coax-9881.html,"189,-",AudioQuest Mackenzie XLR 
https://www.hobo.nl/carbon-coax-9881.html,"135,-",AudioQuest NRG-2 
https://www.hobo.nl/accessoires/stand-3x.html,"129,-",Paradigm Perfect Bass Kit PBK-1
https://www.hobo.nl/accessoires/stand-3x.html,"199,-",AudioQuest DragonFly Red
https://www.hobo.nl/accessoires/stand-3x.html,"55,-",Flexson FLXC2O1021 digitale coax naar optisch converter
https://www.hobo.nl/luidsprekers/elac-starlet-wit-hoogglans.html,"199,-",Paradigm CI Home H65-R
https://www.hobo.nl/luidsprekers/elac-starlet-wit-hoogglans.html,"299,-",Yamaha MusicCast WX-030 wit
https://www.hobo.nl/luidsprekers/elac-starlet-wit-hoogglans.html,"199,-",Bowers & Wilkins CCM665
https://www.hobo.nl/nad-m32-zilver.html,"5.490,-",AVM SD 5.2 zwart
https://www.hobo.nl/nad-m32-zilver.html,"5.490,-",AVM SD 5.2 zilver
https://www.hobo.nl/audioquest-dragonfly-red.html,"349,-",Bowers & Wilkins P7
https://www.hobo.nl/audioquest-dragonfly-red.html,"89,95",Com4Supplies Hoofdtelefoonstand
https://www.hobo.nl/anthem-mrx-720.html,"749,-",Arcam Solo Bar
https://www.hobo.nl/anthem-mrx-720.html,"1.599,-",LG  49UF850
https://www.hobo.nl/anthem-mrx-720.html,"3.459,-",Arcam FMJAVR550
https://www.hobo.nl/ma8000.html,"1.649,-",Anthem PVA2 zwart
https://www.hobo.nl/ma8000.html,"549,-",Bluesound Node 2 wit
https://www.hobo.nl/ma8000.html,"899,-",Bluesound PowerNode 2 wit
https://www.hobo.nl/carbon-coax-9881.html,"59,-",AudioQuest NRG-X2  C7
https://www.hobo.nl/carbon-coax-9881.html,"79,-",AudioQuest NRG-X3 
https://www.hobo.nl/carbon-coax-9881.html,"27,50",AudioQuest Pearl HDMI 
https://www.hobo.nl/accessoires/stand-3x.html,"79,-",Pryma Air Cable
https://www.hobo.nl/accessoires/stand-3x.html,"10,-",Pro-Ject Vilt mat 300mm donkergrijs
https://www.hobo.nl/accessoires/stand-3x.html,"22,95",Audio Selection Onderlegschijf 30 mm  zwart
https://www.hobo.nl/luidsprekers/elac-starlet-wit-hoogglans.html,"200,-",Dynaudio Stand 6 Black Satin
https://www.hobo.nl/luidsprekers/elac-starlet-wit-hoogglans.html,"200,-",Dynaudio Stand 6 Black High Gloss
https://www.hobo.nl/luidsprekers/elac-starlet-wit-hoogglans.html,"200,-",Dynaudio Stand 6 Silver
https://www.hobo.nl/nad-m32-zilver.html,"329,-",Revo SuperSignal walnoot
https://www.hobo.nl/nad-m32-zilver.html,"399,-",Revo SuperConnect
https://www.hobo.nl/nad-m32-zilver.html,"1.099,-",Arcam UDP411
https://www.hobo.nl/audioquest-dragonfly-red.html,"199,-",Bowers & Wilkins P3 zwart
https://www.hobo.nl/audioquest-dragonfly-red.html,"199,-",Bowers & Wilkins P3 wit
https://www.hobo.nl/audioquest-dragonfly-red.html,"1.299,-",Sennheiser HD 800
https://www.hobo.nl/anthem-mrx-720.html,"5.490,-",Arcam FMJ AVR850
https://www.hobo.nl/anthem-mrx-720.html,"1.699,-",Samsung UE49KS7000S
https://www.hobo.nl/anthem-mrx-720.html,"1.799,-",Samsung UE49KS7500S
https://www.hobo.nl/ma8000.html,"899,-",Bluesound PowerNode 2 zwart
https://www.hobo.nl/ma8000.html,"1.299,-",Bluesound Vault 2 wit
https://www.hobo.nl/ma8000.html,"1.299,-",Bluesound Vault 2 zwart
https://www.hobo.nl/carbon-coax-9881.html,"42,50",AudioQuest RJ/E Forest 
https://www.hobo.nl/carbon-coax-9881.html,"265,-",AudioQuest Rocket 33 Full-Range 
https://www.hobo.nl/carbon-coax-9881.html,"295,-",AudioQuest Rocket 33 Single-BiWire 
https://www.hobo.nl/accessoires/stand-3x.html,"22,95",Audio Selection Onderlegschijf 30 mm  zilver
https://www.hobo.nl/accessoires/stand-3x.html,"49,-",Sonos PLAYBAR Muurbeugel zwart
https://www.hobo.nl/accessoires/stand-3x.html,"29,90",Audio Selection Bitstream CD/DVD Cleaner
https://www.hobo.nl/luidsprekers/elac-starlet-wit-hoogglans.html,"200,-",Dynaudio Stand 6 White Satin
https://www.hobo.nl/luidsprekers/elac-starlet-wit-hoogglans.html,"200,-",Dynaudio Stand 6 White High Gloss
https://www.hobo.nl/luidsprekers/elac-starlet-wit-hoogglans.html,"209,-",DALI Zensor 3 wit
https://www.hobo.nl/nad-m32-zilver.html,"1.599,-",Oppo BDP-105 Darbee Edition zwart
https://www.hobo.nl/nad-m32-zilver.html,"965,-",Arcam CDS27
https://www.hobo.nl/audioquest-dragonfly-red.html,"1.999,-",Sennheiser HDVD 800
https://www.hobo.nl/audioquest-dragonfly-red.html,"299,95",Sennheiser CH 800 S
https://www.hobo.nl/audioquest-dragonfly-red.html,"599,-",Sennheiser HD 700
https://www.hobo.nl/anthem-mrx-720.html,"1.899,-",Samsung UE55KS7000S
https://www.hobo.nl/anthem-mrx-720.html,"2.399,-",Samsung UE55KS8000L
https://www.hobo.nl/anthem-mrx-720.html,"3.999,-",LG OLED55E6V
https://www.hobo.nl/ma8000.html,"1.397,-",Bluesound Powernode 2 + B&W 686
https://www.hobo.nl/carbon-coax-9881.html,"39,-",AudioQuest USB Forest A-B 
https://www.hobo.nl/carbon-coax-9881.html,"185,-",AudioQuest Vodka Optical 
https://www.hobo.nl/carbon-coax-9881.html,"119,-",AudioQuest Red River RCA
https://www.hobo.nl/accessoires/stand-3x.html,"32,95",B-Tech BT15
https://www.hobo.nl/accessoires/stand-3x.html,"64,95",B-Tech BT77 zwart
https://www.hobo.nl/accessoires/stand-3x.html,"12,50",Pro-Ject Brush-It
https://www.hobo.nl/luidsprekers/elac-starlet-wit-hoogglans.html,"209,-",DALI Zensor 3 zwart
https://www.hobo.nl/luidsprekers/elac-starlet-wit-hoogglans.html,"209,-",DALI Zensor 3 walnoot
https://www.hobo.nl/luidsprekers/elac-starlet-wit-hoogglans.html,"215,-",Monitor Audio Bronze 2 rosewood
https://www.hobo.nl/nad-m32-zilver.html,"229,-",Tivoli Model One BT  walnut/ beige
https://www.hobo.nl/nad-m32-zilver.html,"229,-",Tivoli Model One BT  black ash/ silver
https://www.hobo.nl/nad-m32-zilver.html,"229,-",Tivoli Model One BT  black ash/ black
https://www.hobo.nl/audioquest-dragonfly-red.html,"4,95",Com4Supplies Adapter 3.5 mm -> 6.3 mm
https://www.hobo.nl/audioquest-dragonfly-red.html,"99,-",Pro-Ject Hear-It One
https://www.hobo.nl/audioquest-dragonfly-red.html,"9,95",Com4Supplies Verlengkabel 3.5 mm - 5M
https://www.hobo.nl/anthem-mrx-720.html,"2.999,-",LG OLED55C6V
https://www.hobo.nl/anthem-mrx-720.html,"599,-",Yamaha BD-A1060 zwart
https://www.hobo.nl/anthem-mrx-720.html,"599,-",Yamaha BD-A1060 titanium
https://www.hobo.nl/carbon-coax-9881.html,"119,-",AudioQuest Red River XLR 
https://www.hobo.nl/accessoires/stand-3x.html,"25,-",Pro-Ject Level-It
https://www.hobo.nl/accessoires/stand-3x.html,"25,-",Pro-Ject Strobe-It
https://www.hobo.nl/accessoires/stand-3x.html,"19,95",Pro-Ject Cork-It
https://www.hobo.nl/luidsprekers/elac-starlet-wit-hoogglans.html,"215,-",Monitor Audio Bronze 2 wit
https://www.hobo.nl/luidsprekers/elac-starlet-wit-hoogglans.html,"215,-",Monitor Audio Bronze 2 Walnoot
https://www.hobo.nl/luidsprekers/elac-starlet-wit-hoogglans.html,"215,-",Monitor Audio Bronze 2 zwart Eiken
https://www.hobo.nl/nad-m32-zilver.html,"229,-",Tivoli Model One BT  white/ silver
https://www.hobo.nl/nad-m32-zilver.html,"229,-",Tivoli Model One BT  cherry/ silver
https://www.hobo.nl/nad-m32-zilver.html,"549,-",Bluesound Node 2 zwart
https://www.hobo.nl/audioquest-dragonfly-red.html,"249,-",Bowers & Wilkins P5 S2
https://www.hobo.nl/audioquest-dragonfly-red.html,"149,-",Bowers & Wilkins C5 S2
https://www.hobo.nl/audioquest-dragonfly-red.html,"129,-",Pro-Ject Head Box S  zwart
https://www.hobo.nl/anthem-mrx-720.html,"2.699,-",LG OLED55B6V
https://www.hobo.nl/anthem-mrx-720.html,"4.799,-",LG OLED65B6V 
https://www.hobo.nl/anthem-mrx-720.html,"1.199,-",Bluesound Pulse Soundbar
https://www.hobo.nl/accessoires/stand-3x.html,"119,-",Pro-Ject Align-It
https://www.hobo.nl/accessoires/stand-3x.html,"99,-",Pro-Ject Measure-It II
https://www.hobo.nl/accessoires/stand-3x.html,"99,-",Pro-Ject Clamp-It
https://www.hobo.nl/luidsprekers/elac-starlet-wit-hoogglans.html,"219,-",Paradigm CI Home H65-SM
https://www.hobo.nl/luidsprekers/elac-starlet-wit-hoogglans.html,"225,-",Bowers & Wilkins  M-1 satelliet luidspreker wit
https://www.hobo.nl/luidsprekers/elac-starlet-wit-hoogglans.html,"225,-",Bowers & Wilkins M-1 satelliet luidspreker zwart
https://www.hobo.nl/nad-m32-zilver.html,"549,-",Bluesound Node 2 wit
https://www.hobo.nl/nad-m32-zilver.html,"599,-",Bluesound Pulse Mini wit
https://www.hobo.nl/audioquest-dragonfly-red.html,"129,-",Pro-Ject Head Box S  zilver
https://www.hobo.nl/audioquest-dragonfly-red.html,"159,-",Pro-Ject Head Box S USB  zwart
https://www.hobo.nl/anthem-mrx-720.html,"1.399,-",Yamaha MusicCast RX-A1060 titanium
https://www.hobo.nl/anthem-mrx-720.html,"1.799,-",Yamaha MusicCast RX-A2060 titanium
https://www.hobo.nl/anthem-mrx-720.html,"749,-",Yamaha MusicCast RX-A660 zwart
https://www.hobo.nl/accessoires/stand-3x.html,"49,-",Pro-Ject Leather-It  zwart
https://www.hobo.nl/accessoires/stand-3x.html,"49,-",Pro-Ject Leather-It  grijs
https://www.hobo.nl/luidsprekers/elac-starlet-wit-hoogglans.html,"229,-",Paradigm Atom Monitor 
https://www.hobo.nl/luidsprekers/elac-starlet-wit-hoogglans.html,"229,-",Sonos PLAY:1 zwart
https://www.hobo.nl/luidsprekers/elac-starlet-wit-hoogglans.html,"269,-",Elac IW-1130
https://www.hobo.nl/anthem-mrx-720.html,"1.049,-",Yamaha MusicCast RX-A860 zwart
https://www.hobo.nl/hi-fi/mc601.html,"10.499,-",McIntosh MC601
https://www.hobo.nl/hi-fi/mc601.html,"6.999,-",McIntosh MC301
https://www.hobo.nl/hi-fi/mc601.html,"17.999,-",McIntosh MC2301
https://www.hobo.nl/hi-fi/mc601.html,"12.599,-",McIntosh MC452
https://www.hobo.nl/hi-fi/mc601.html,"9.999,-",McIntosh MC302
https://www.hobo.nl/hi-fi/mc601.html,"6.399,-",McIntosh MC152
https://www.hobo.nl/hi-fi/mc601.html,"7.699,-",McIntosh MC275
https://www.hobo.nl/hi-fi/mc601.html,"16.399,-",McIntosh MC303
https://www.hobo.nl/hi-fi/mc601.html,"9.199,-",McIntosh MC205
https://www.hobo.nl/hi-fi/mc601.html,"11.899,-",McIntosh MC207
https://www.hobo.nl/hi-fi/mc601.html,"8.999,-",McIntosh MC8207
https://www.hobo.nl/hi-fi/mc601.html,"8.799,-",McIntosh C1100C
https://www.hobo.nl/hi-fi/mc601.html,"8.799,-",McIntosh C1100T
https://www.hobo.nl/hi-fi/mc601.html,"9.999,-",McIntosh C2600
https://www.hobo.nl/hi-fi/mc601.html,"5.299,-",McIntosh C47
https://www.hobo.nl/hi-fi/mc601.html,"9.399,-",McIntosh C52
https://www.hobo.nl/hi-fi/mc601.html,"2.799,-",McIntosh MP100
https://www.hobo.nl/hi-fi/mc601.html,"10.990,-",McIntosh MP1100
https://www.hobo.nl/hi-fi/mc601.html,"9.999,-",McIntosh MX122
https://www.hobo.nl/hi-fi/mc601.html,"20.999,-",McIntosh MX160
https://www.hobo.nl/hi-fi/mc601.html,"7.499,-",McIntosh MEN220
https://www.hobo.nl/hi-fi/mc601.html,"10.499,-",McIntosh MA8900
https://www.hobo.nl/hi-fi/mc601.html,"8.999,-",McIntosh MA6700
https://www.hobo.nl/bluesound-pulse-flex-wit.html,"349,-",Bluesound PULSE FLEX wit
https://www.hobo.nl/hi-fi/mc601.html,"6.399,-",McIntosh MA5200
https://www.hobo.nl/hi-fi/mc601.html,"6.799,-",McIntosh MHA150
https://www.hobo.nl/bluesound-pulse-flex-wit.html,"799,-",Bluesound Pulse 2 Wit
https://www.hobo.nl/bluesound-pulse-flex-wit.html,"799,-",Bluesound Pulse 2 Zwart
https://www.hobo.nl/hi-fi/mc601.html,"1.399,-",McIntosh RS100
https://www.hobo.nl/hi-fi/mc601.html,"8.599,-",McIntosh MXA80
https://www.hobo.nl/accessoires/box-design-by-pro-ject-phono-box-zilver.html,"109,-",Pro-Ject Phono Box  II zilver
https://www.hobo.nl/luidsprekers/paradigm-h80-r.html,"229,-",Paradigm CI Home H80-R
https://www.hobo.nl/bluesound-pulse-flex-wit.html,"199,-",AudioQuest Beetle 
https://www.hobo.nl/bluesound-pulse-flex-wit.html,"599,-",Mitchell & Johnson WLD+211T Zilver
https://www.hobo.nl/hi-fi/mc601.html,"4.499,-",McIntosh McAire
https://www.hobo.nl/hi-fi/mc601.html,"7.899,-",McIntosh MPC1500
https://www.hobo.nl/accessoires/box-design-by-pro-ject-phono-box-zilver.html,"109,-",Pro-Ject Phono Box II zwart
https://www.hobo.nl/accessoires/box-design-by-pro-ject-phono-box-zilver.html,"149,-",Pro-Ject Phono Box USB  zwart
https://www.hobo.nl/luidsprekers/paradigm-h80-r.html,"229,-",Sonos PLAY:1 wit
https://www.hobo.nl/luidsprekers/paradigm-h80-r.html,"230,-",Monitor Audio Bronze Center Rosewood
https://www.hobo.nl/bluesound-pulse-flex-wit.html,"799,-",Revo SuperSystem Walnoot/ zilver
https://www.hobo.nl/bluesound-pulse-flex-wit.html,"799,-",Revo SuperSystem Walnoot/ zwart
https://www.hobo.nl/hi-fi/mc601.html,"8.599,-",McIntosh MB100
https://www.hobo.nl/hi-fi/mc601.html,"2.799,-",McIntosh MB50
https://www.hobo.nl/accessoires/box-design-by-pro-ject-phono-box-zilver.html,"149,-",Pro-Ject Phono Box USB  zilver
https://www.hobo.nl/accessoires/box-design-by-pro-ject-phono-box-zilver.html,"110,-",Ortofon 2M Red
https://www.hobo.nl/luidsprekers/paradigm-h80-r.html,"230,-",Monitor Audio Bronze Center wit
https://www.hobo.nl/luidsprekers/paradigm-h80-r.html,"230,-",Monitor Audio Bronze Center walnoot
https://www.hobo.nl/bluesound-pulse-flex-wit.html,"799,-",Revo SuperSystem Zwart/ zilver
https://www.hobo.nl/bluesound-pulse-flex-wit.html,"799,-",Revo SuperSystem Wit/ zilver
https://www.hobo.nl/hi-fi/mc601.html,"4.299,-",McIntosh D150
https://www.hobo.nl/hi-fi/mc601.html,"5.799,-",McIntosh MCT450
https://www.hobo.nl/accessoires/box-design-by-pro-ject-phono-box-zilver.html,"9,-",Pro-Ject Pulley SB 
https://www.hobo.nl/accessoires/box-design-by-pro-ject-phono-box-zilver.html,"109,-",Pro-Ject Spin Clean mkII
https://www.hobo.nl/luidsprekers/paradigm-h80-r.html,"230,-",Monitor Audio Bronze Center zwart
https://www.hobo.nl/luidsprekers/paradigm-h80-r.html,"240,-",Monitor Audio Radius 90 wit hoogglans
https://www.hobo.nl/bluesound-pulse-flex-wit.html,"799,-",Revo SuperSystem Zwart mat
https://www.hobo.nl/bluesound-pulse-flex-wit.html,"349,-",Bluesound PULSE FLEX zwart
https://www.hobo.nl/hi-fi/mc601.html,"8.499,-",McIntosh MCD550
https://www.hobo.nl/hi-fi/mc601.html,"7.699,-",McIntosh MVP901
https://www.hobo.nl/accessoires/box-design-by-pro-ject-phono-box-zilver.html,"99,-",Pro-Ject Acryl-It
https://www.hobo.nl/accessoires/box-design-by-pro-ject-phono-box-zilver.html,"10,-",Pro-Ject Clean-It
https://www.hobo.nl/accessoires/box-design-by-pro-ject-phono-box-zilver.html,"10,-",Pro-Ject Vilt mat 300mm groen
https://www.hobo.nl/luidsprekers/paradigm-h80-r.html,"240,-",Monitor Audio Radius 90 zwart hoogglans
https://www.hobo.nl/luidsprekers/paradigm-h80-r.html,"240,-",Monitor Audio Radius 90 walnoot
https://www.hobo.nl/luidsprekers/paradigm-h80-r.html,"429,-",ASW Cantius 212 wit zijdeglans
https://www.hobo.nl/bluesound-pulse-flex-wit.html,"1.999,-",Arcam Solo Music
https://www.hobo.nl/bluesound-pulse-flex-wit.html,"4.699,-",Anthem MRX 1120
https://www.hobo.nl/hi-fi/mc601.html,"15.799,-",McIntosh MT10
https://www.hobo.nl/accessoires/box-design-by-pro-ject-phono-box-zilver.html,"10,-",Pro-Ject Vilt mat 300mm zwart
https://www.hobo.nl/accessoires/box-design-by-pro-ject-phono-box-zilver.html,"10,-",Pro-Ject Vilt mat 300mm donkerrood
https://www.hobo.nl/accessoires/box-design-by-pro-ject-phono-box-zilver.html,"10,-",Pro-Ject Vilt mat 300mm blauw
https://www.hobo.nl/luidsprekers/paradigm-h80-r.html,"249,-",Bowers & Wilkins 686 S2 wit
https://www.hobo.nl/luidsprekers/paradigm-h80-r.html,"249,-",Bowers & Wilkins CCM664
https://www.hobo.nl/luidsprekers/paradigm-h80-r.html,"249,-",Bowers & Wilkins 686 S2 zwart
https://www.hobo.nl/bluesound-pulse-flex-wit.html,"4.199,-",Anthem AVM 60
https://www.hobo.nl/bluesound-pulse-flex-wit.html,"599,-",Block IR-100+ zilver
https://www.hobo.nl/bluesound-pulse-flex-wit.html,"699,-",Bluesound Pulse Sub (geopende verpakking)
https://www.hobo.nl/accessoires/box-design-by-pro-ject-phono-box-zilver.html,"249,-",Pro-Ject Ground-It deluxe 2
https://www.hobo.nl/accessoires/box-design-by-pro-ject-phono-box-zilver.html,"259,-",Pro-Ject Cover-It 1
https://www.hobo.nl/accessoires/box-design-by-pro-ject-phono-box-zilver.html,"209,-",Pro-Ject Cover-It 2.1
https://www.hobo.nl/luidsprekers/paradigm-h80-r.html,"250,-",Dynaudio Xeo HUB
https://www.hobo.nl/luidsprekers/paradigm-h80-r.html,"259,-",Bowers & Wilkins CCM684
https://www.hobo.nl/luidsprekers/paradigm-h80-r.html,"269,-",Paradigm CI Home H65-A
https://www.hobo.nl/bluesound-pulse-flex-wit.html,"899,-",Bluesound PowerNode 2 wit (geopende verpakking)
https://www.hobo.nl/bluesound-pulse-flex-wit.html,"3.250,-",Dynaudio XEO 6 set zwart zijdeglans
https://www.hobo.nl/bluesound-pulse-flex-wit.html,"3.250,-",Dynaudio XEO 6 set wit zijdeglans
https://www.hobo.nl/accessoires/box-design-by-pro-ject-phono-box-zilver.html,"99,-",Pro-Ject Cover-it RPM 9/9.1
https://www.hobo.nl/accessoires/box-design-by-pro-ject-phono-box-zilver.html,"139,-",Pro-Ject Wallmount-It 1
https://www.hobo.nl/accessoires/box-design-by-pro-ject-phono-box-zilver.html,"299,-",Pro-Ject Wallmount-It 3
https://www.hobo.nl/luidsprekers/paradigm-h80-r.html,"275,-",Bowers & Wilkins AM-1 Zwart
https://www.hobo.nl/luidsprekers/paradigm-h80-r.html,"275,-",Bowers & Wilkins AM-1 Wit
https://www.hobo.nl/luidsprekers/paradigm-h80-r.html,"279,-",Paradigm CI Home H55-LCR
https://www.hobo.nl/bluesound-pulse-flex-wit.html,"999,-",Paradigm PW 800 wit
https://www.hobo.nl/bluesound-pulse-flex-wit.html,"349,-",Sonos PLAY:3 wit
https://www.hobo.nl/bluesound-pulse-flex-wit.html,"349,-",Sonos PLAY:3  zwart
https://www.hobo.nl/luidsprekers/paradigm-h80-r.html,"289,-",DALI Zensor Vokal zwart
https://www.hobo.nl/luidsprekers/paradigm-h80-r.html,"289,-",DALI Zensor Vokal walnoot
https://www.hobo.nl/luidsprekers/paradigm-h80-r.html,"289,-",DALI Zensor Vokal wit
https://www.hobo.nl/bluesound-pulse-flex-wit.html,"799,-",Sonos SUB zwart
https://www.hobo.nl/bluesound-pulse-flex-wit.html,"229,-",Sonos PLAY:1 wit
https://www.hobo.nl/bluesound-pulse-flex-wit.html,"229,-",Sonos PLAY:1 zwart
https://www.hobo.nl/luidsprekers/paradigm-h80-r.html,"400,-",Monitor Audio Silver 1 zwart eiken
https://www.hobo.nl/luidsprekers/paradigm-h80-r.html,"299,-",Paradigm Monitor Surround 1 zwart
https://www.hobo.nl/luidsprekers/paradigm-h80-r.html,"400,-",Monitor Audio Silver 1 rosenut
https://www.hobo.nl/bluesound-pulse-flex-wit.html,"119,-",Sonos BOOST
https://www.hobo.nl/bluesound-pulse-flex-wit.html,"579,-",Sonos PLAY:5 Wit
https://www.hobo.nl/bluesound-pulse-flex-wit.html,"579,-",Sonos PLAY:5 Zwart
https://www.hobo.nl/luidsprekers/paradigm-h80-r.html,"299,-",Paradigm Mini Monitor  zwart
https://www.hobo.nl/luidsprekers/paradigm-h80-r.html,"300,-",Monitor Audio Radius 200 walnoot
https://www.hobo.nl/bluesound-pulse-flex-wit.html,"799,-",Sonos Sonos Playbase Zwart
https://www.hobo.nl/bluesound-pulse-flex-wit.html,"150,-",Dynaudio Xeo Link
https://www.hobo.nl/bluesound-pulse-flex-wit.html,"799,-",Paradigm PW 600 zwart
https://www.hobo.nl/luidsprekers/paradigm-h80-r.html,"300,-",Monitor Audio Radius 200 zwart hoogglans
https://www.hobo.nl/luidsprekers/paradigm-h80-r.html,"300,-",Monitor Audio Radius 200 wit hoogglans
https://www.hobo.nl/luidsprekers/paradigm-h80-r.html,"319,-",Paradigm CI Pro P65-R
https://www.hobo.nl/bluesound-pulse-flex-wit.html,"799,-",Paradigm PW 600 wit
https://www.hobo.nl/bluesound-pulse-flex-wit.html,"699,-",Bowers & Wilkins Zeppelin Wireless
https://www.hobo.nl/bluesound-pulse-flex-wit.html,"4.000,-",Dynaudio Focus 400 XD zwart
https://www.hobo.nl/luidsprekers/paradigm-h80-r.html,"325,-",Bowers & Wilkins 685 S2 wit
https://www.hobo.nl/luidsprekers/paradigm-h80-r.html,"325,-",Bowers & Wilkins CCM663
https://www.hobo.nl/bluesound-pulse-flex-wit.html,"2.750,-",Dynaudio Focus 20 XD White Satin
https://www.hobo.nl/bluesound-pulse-flex-wit.html,"2.750,-",Dynaudio Focus 20 XD Walnut High Gloss
https://www.hobo.nl/luidsprekers/paradigm-h80-r.html,"325,-",Bowers & Wilkins CCM664SR
https://www.hobo.nl/luidsprekers/paradigm-h80-r.html,"325,-",Bowers & Wilkins 685 S2 zwart
https://www.hobo.nl/luidsprekers/paradigm-h80-r.html,"400,-",Monitor Audio Silver 1 zwart eiken (geopende verpakking)
https://www.hobo.nl/luidsprekers/paradigm-h80-r.html,"400,-",Monitor Audio Silver 1 eiken
https://www.hobo.nl/hi-fi/mcintosh-mt5.html,"9.799,-",McIntosh MT5
https://www.hobo.nl/hi-fi/mcintosh-mt5.html,"6.799,-",McIntosh MR87
https://www.hobo.nl/hi-fi/mcintosh-mt5.html,"9.999,-",McIntosh D1100 
https://www.hobo.nl/hi-fi/mcintosh-mt5.html,"5.999,-",McIntosh MCD350
https://www.hobo.nl/hi-fi/mcintosh-mt5.html,"439,-",Pro-Ject Debut Carbon DC 2M-Red geel hoogglans
https://www.hobo.nl/hi-fi/mcintosh-mt5.html,"3.690,-",AVM C 2.2 zilver
https://www.hobo.nl/hi-fi/mcintosh-mt5.html,"4.990,-",AVM C 5.2 zilver
https://www.hobo.nl/hi-fi/mcintosh-mt5.html,"399,-",Sonos CONNECT
https://www.hobo.nl/hi-fi/mcintosh-mt5.html,"579,-",Sonos CONNECT:AMP
https://www.hobo.nl/hi-fi/mcintosh-mt5.html,"1.599,-",Rotel RB-1582 MK2 zwart
https://www.hobo.nl/hi-fi/mcintosh-mt5.html,"999,-",Rotel RC-1570 zwart
https://www.hobo.nl/hi-fi/mcintosh-mt5.html,"449,-",NAD C427
https://www.hobo.nl/hi-fi/mcintosh-mt5.html,"999,-",NAD C165BEE
https://www.hobo.nl/hi-fi/mcintosh-mt5.html,"1.299,-",NAD C275BEE
https://www.hobo.nl/hi-fi/mcintosh-mt5.html,"2.499,-",NAD C390DD v2 
https://www.hobo.nl/hi-fi/mcintosh-mt5.html,"1.599,-",Rotel RB-1582 MK2 zilver
https://www.hobo.nl/hi-fi/mcintosh-mt5.html,"2.250,-",Pro-Ject Xtension 9 Evolution zwart hoogglans
https://www.hobo.nl/hi-fi/mcintosh-mt5.html,"2.250,-",Pro-Ject Xtension 9 Evolution mahony
https://www.hobo.nl/hi-fi/mcintosh-mt5.html,"2.250,-",Pro-Ject Xtension 9 Evolution olijf
https://www.hobo.nl/hi-fi/mcintosh-mt5.html,"2.250,-",Pro-Ject Xtension 9 Evolution rood
https://www.hobo.nl/hi-fi/mcintosh-mt5.html,"2.250,-",Pro-Ject Xtension 9 Evolution wit
https://www.hobo.nl/hi-fi/mcintosh-mt5.html,"3.450,-",Pro-Ject Xtension 10 Evolution zwart hoogglans
https://www.hobo.nl/luidsprekers/monitor-audio-silver-1-wit-hoogglans.html,"440,-",Monitor Audio Silver 1 wit hoogglans
https://www.hobo.nl/hi-fi/mcintosh-mt5.html,"3.450,-",Pro-Ject Xtension 10 Evolution olijf
https://www.hobo.nl/focus-20-xd-black-piano-lacquer.html,"2.750,-",Dynaudio Focus 20 XD Black Piano Lacquer
https://www.hobo.nl/luidsprekers/monitor-audio-silver-1-wit-hoogglans.html,"339,-",DALI Zensor 5 wit
https://www.hobo.nl/luidsprekers/monitor-audio-silver-1-wit-hoogglans.html,"349,-",Sonos PLAY:3  zwart
https://www.hobo.nl/hi-fi/mcintosh-mt5.html,"3.450,-",Pro-Ject Xtension 10 Evolution mahony
https://www.hobo.nl/hi-fi/mcintosh-mt5.html,"4.150,-",Pro-Ject Xtension 12 Evolution mahony
https://www.hobo.nl/focus-20-xd-black-piano-lacquer.html,"2.850,-",Dynaudio Focus 20 XD Grey Oak High Gloss
https://www.hobo.nl/focus-20-xd-black-piano-lacquer.html,"8.500,-",Dynaudio Focus 30 XD White Satin
https://www.hobo.nl/focus-20-xd-black-piano-lacquer.html,"8.500,-",Dynaudio Focus 30 XD Walnut High Gloss
https://www.hobo.nl/luidsprekers/monitor-audio-silver-1-wit-hoogglans.html,"339,-",DALI Zensor 5 walnoot
https://www.hobo.nl/luidsprekers/monitor-audio-silver-1-wit-hoogglans.html,"339,-",DALI Zensor 5 zwart
https://www.hobo.nl/luidsprekers/monitor-audio-silver-1-wit-hoogglans.html,"349,-",Sonos PLAY:3 wit
https://www.hobo.nl/hi-fi/mcintosh-mt5.html,"4.150,-",Pro-Ject Xtension 12 Evolution olijf
https://www.hobo.nl/hi-fi/mcintosh-mt5.html,"4.150,-",Pro-Ject Xtension 12 Evolution zwart hoogglans
https://www.hobo.nl/hi-fi/mcintosh-mt5.html,"369,-",Pro-Ject RPM 1.3 Genie 2M-Red rood hoogglans
https://www.hobo.nl/focus-20-xd-black-piano-lacquer.html,"8.500,-",Dynaudio Focus 30 XD Black Piano Lacquer
https://www.hobo.nl/focus-20-xd-black-piano-lacquer.html,"8.800,-",Dynaudio Focus 30 XD Grey Oak High Gloss
https://www.hobo.nl/focus-20-xd-black-piano-lacquer.html,"8.800,-",Dynaudio Focus 30 XD Rosewood High Gloss
https://www.hobo.nl/luidsprekers/monitor-audio-silver-1-wit-hoogglans.html,"349,-",Bluesound PULSE FLEX zwart
https://www.hobo.nl/luidsprekers/monitor-audio-silver-1-wit-hoogglans.html,"349,-",DALI OPTICON 1 zwart
https://www.hobo.nl/hi-fi/mcintosh-mt5.html,"369,-",Pro-Ject RPM 1.3 Genie 2M-Red wit hoogglans
https://www.hobo.nl/hi-fi/mcintosh-mt5.html,"369,-",Pro-Ject RPM 1.3 Genie 2M-Red zwart hoogglans
https://www.hobo.nl/hi-fi/mcintosh-mt5.html,"699,-",Pro-Ject 1Xpression Carbon
https://www.hobo.nl/focus-20-xd-black-piano-lacquer.html,"11.000,-",Dynaudio Focus 60 XD White Satin
https://www.hobo.nl/focus-20-xd-black-piano-lacquer.html,"11.000,-",Dynaudio Focus 60 XD Grey Oak High Gloss
https://www.hobo.nl/focus-20-xd-black-piano-lacquer.html,"850,-",Dynaudio Xeo 4 zwart zijdeglans
https://www.hobo.nl/luidsprekers/monitor-audio-silver-1-wit-hoogglans.html,"529,-",ASW Cantius 312C donker eiken
https://www.hobo.nl/luidsprekers/monitor-audio-silver-1-wit-hoogglans.html,"349,-",Paradigm PDR 80
https://www.hobo.nl/luidsprekers/monitor-audio-silver-1-wit-hoogglans.html,"349,-",DALI OPTICON 1 walnoot
https://www.hobo.nl/hi-fi/mcintosh-mt5.html,"849,-",Pro-Ject 1Xpression Carbon Classic zwart hoogglans
https://www.hobo.nl/hi-fi/mcintosh-mt5.html,"849,-",Pro-Ject 1Xpression Carbon Classic wit hoogglans
https://www.hobo.nl/hi-fi/mcintosh-mt5.html,"849,-",Pro-Ject 1Xpression Carbon Classic mahony
https://www.hobo.nl/focus-20-xd-black-piano-lacquer.html,"850,-",Dynaudio Xeo 4 wit zijdeglans
https://www.hobo.nl/focus-20-xd-black-piano-lacquer.html,"1.500,-",Dynaudio XEO 6 wit zijdeglans
https://www.hobo.nl/focus-20-xd-black-piano-lacquer.html,"1.500,-",Dynaudio Xeo 6 zwart zijdeglans
https://www.hobo.nl/luidsprekers/monitor-audio-silver-1-wit-hoogglans.html,"349,-",Bluesound PULSE FLEX wit
https://www.hobo.nl/luidsprekers/monitor-audio-silver-1-wit-hoogglans.html,"349,-",DALI OPTICON 1 wit
https://www.hobo.nl/luidsprekers/monitor-audio-silver-1-wit-hoogglans.html,"450,-",Bowers & Wilkins CM1 S2  zwart hoogglans
https://www.hobo.nl/hi-fi/mcintosh-mt5.html,"849,-",Pro-Ject 1Xpression Carbon Classic olijf
https://www.hobo.nl/hi-fi/mcintosh-mt5.html,"739,-",Pro-Ject 1Xpression III Comfort
https://www.hobo.nl/focus-20-xd-black-piano-lacquer.html,"1.950,-",Dynaudio Xeo 4 set incl Hub wit zijdeglans
https://www.hobo.nl/focus-20-xd-black-piano-lacquer.html,"1.950,-",Dynaudio Xeo 4 set incl Hub zwart zijdeglans
https://www.hobo.nl/focus-20-xd-black-piano-lacquer.html,"399,-",Sonos CONNECT
https://www.hobo.nl/luidsprekers/monitor-audio-silver-1-wit-hoogglans.html,"440,-",Monitor Audio Silver 1 wit hoogglans (geopende verpakking)
https://www.hobo.nl/luidsprekers/monitor-audio-silver-1-wit-hoogglans.html,"375,-",Monitor Audio Radius 225 walnoot
https://www.hobo.nl/luidsprekers/monitor-audio-silver-1-wit-hoogglans.html,"375,-",Monitor Audio Radius 225 zwart hoogglans
https://www.hobo.nl/focus-20-xd-black-piano-lacquer.html,"99,95",Bayan Audio Soundbook GO zwart
https://www.hobo.nl/focus-20-xd-black-piano-lacquer.html,"99,95",Bayan Audio Soundbook GO rood
https://www.hobo.nl/focus-20-xd-black-piano-lacquer.html,"499,-",NAD MDC DD-BluOS 2 module
https://www.hobo.nl/luidsprekers/monitor-audio-silver-1-wit-hoogglans.html,"375,-",Monitor Audio Radius 225 wit hoogglans
https://www.hobo.nl/luidsprekers/monitor-audio-silver-1-wit-hoogglans.html,"380,-",Monitor Audio Bronze 5 Wit
https://www.hobo.nl/focus-20-xd-black-piano-lacquer.html,"599,-",Bluesound Pulse Mini zwart
https://www.hobo.nl/focus-20-xd-black-piano-lacquer.html,"1.299,-",Bluesound Vault 2 wit
https://www.hobo.nl/focus-20-xd-black-piano-lacquer.html,"5.490,-",AVM MP 5.2 zilver
https://www.hobo.nl/luidsprekers/monitor-audio-silver-1-wit-hoogglans.html,"380,-",Monitor Audio Bronze 5 Zwart Eiken
https://www.hobo.nl/luidsprekers/monitor-audio-silver-1-wit-hoogglans.html,"380,-",Monitor Audio Bronze 5 Walnoot
https://www.hobo.nl/luidsprekers/monitor-audio-silver-1-wit-hoogglans.html,"380,-",Monitor Audio Bronze 5 Rosewood
https://www.hobo.nl/focus-20-xd-black-piano-lacquer.html,"2.650,-",Moon NEO 280D DSD MIND zwart zilver
https://www.hobo.nl/focus-20-xd-black-piano-lacquer.html,"4.750,-",Moon NEO 380D DSD MiND zwart zilver 
https://www.hobo.nl/focus-20-xd-black-piano-lacquer.html,"1.299,-",Dynaudio XEO 2 set Zwart
https://www.hobo.nl/luidsprekers/monitor-audio-silver-1-wit-hoogglans.html,"389,-",Paradigm CI Pro P80-R
https://www.hobo.nl/luidsprekers/monitor-audio-silver-1-wit-hoogglans.html,"389,-",Paradigm CI Pro P65-IW
https://www.hobo.nl/luidsprekers/monitor-audio-silver-1-wit-hoogglans.html,"399,-",DALI KATCH cloud grey
https://www.hobo.nl/focus-20-xd-black-piano-lacquer.html,"5.490,-",AVM MP 5.2 zwart
https://www.hobo.nl/focus-20-xd-black-piano-lacquer.html,"4.290,-",AVM MP 3.2 zilver
https://www.hobo.nl/focus-20-xd-black-piano-lacquer.html,"4.290,-",AVM MP 3.2 zwart
https://www.hobo.nl/luidsprekers/monitor-audio-silver-1-wit-hoogglans.html,"599,-",ASW Cuby 150  wit zijdeglans
https://www.hobo.nl/luidsprekers/monitor-audio-silver-1-wit-hoogglans.html,"399,-",Paradigm Monitor Center 1  zwart
https://www.hobo.nl/luidsprekers/monitor-audio-silver-1-wit-hoogglans.html,"399,-",DALI KATCH dark shadow
https://www.hobo.nl/focus-20-xd-black-piano-lacquer.html,"7.490,-",AVM MP 6.2 zilver
https://www.hobo.nl/focus-20-xd-black-piano-lacquer.html,"7.490,-",AVM MP 6.2 zwart
https://www.hobo.nl/focus-20-xd-black-piano-lacquer.html,"7.490,-",AVM SD 6.2 zilver
https://www.hobo.nl/luidsprekers/monitor-audio-silver-1-wit-hoogglans.html,"399,-",DALI KATCH green moss
https://www.hobo.nl/luidsprekers/monitor-audio-silver-1-wit-hoogglans.html,"400,-",Monitor Audio Silver 1 walnoot
https://www.hobo.nl/luidsprekers/monitor-audio-silver-1-wit-hoogglans.html,"400,-",Monitor Audio Silver FX zwart
https://www.hobo.nl/focus-20-xd-black-piano-lacquer.html,"7.490,-",AVM SD 6.2 zwart
https://www.hobo.nl/focus-20-xd-black-piano-lacquer.html,"799,-",Sonos PLAYBAR
https://www.hobo.nl/focus-20-xd-black-piano-lacquer.html,"2.700,-",Moon NEO 260DT + DAC zwart zilver
https://www.hobo.nl/luidsprekers/monitor-audio-silver-1-wit-hoogglans.html,"400,-",Monitor Audio Silver FX eiken
https://www.hobo.nl/luidsprekers/monitor-audio-silver-1-wit-hoogglans.html,"575,-",Monitor Audio Silver Center zwart eiken
https://www.hobo.nl/luidsprekers/monitor-audio-silver-1-wit-hoogglans.html,"575,-",Monitor Audio Silver Center walnoot
https://www.hobo.nl/focus-20-xd-black-piano-lacquer.html,"999,-",Paradigm PW 800 zwart
https://www.hobo.nl/focus-20-xd-black-piano-lacquer.html,"799,-",Paradigm PW AMP
https://www.hobo.nl/luidsprekers/monitor-audio-silver-1-wit-hoogglans.html,"429,-",DALI Zensor 7 walnoot
https://www.hobo.nl/luidsprekers/monitor-audio-silver-1-wit-hoogglans.html,"429,-",DALI Zensor 7 wit
https://www.hobo.nl/hi-fi/pro-ject-debut-carbon-dc-2m-red-blauw-hoogglans.html,"439,-",Pro-Ject Debut Carbon DC 2M-Red blauw hoogglans
https://www.hobo.nl/hi-fi/pro-ject-debut-carbon-dc-2m-red-blauw-hoogglans.html,"439,-",Pro-Ject Debut Carbon DC 2M-Red groen hoogglans
https://www.hobo.nl/hi-fi/pro-ject-debut-carbon-dc-2m-red-blauw-hoogglans.html,"439,-",Pro-Ject Debut Carbon DC 2M-Red grijs hoogglans
https://www.hobo.nl/hi-fi/pro-ject-debut-carbon-dc-2m-red-blauw-hoogglans.html,"439,-",Pro-Ject Debut Carbon DC 2M-Red zwart hoogglans
https://www.hobo.nl/hi-fi/pro-ject-debut-carbon-dc-2m-red-blauw-hoogglans.html,"439,-",Pro-Ject Debut Carbon DC 2M-Red rood hoogglans
https://www.hobo.nl/hi-fi/pro-ject-debut-carbon-dc-2m-red-blauw-hoogglans.html,"439,-",Pro-Ject Debut Carbon DC 2M-Red wit hoogglans
https://www.hobo.nl/hi-fi/pro-ject-debut-carbon-dc-2m-red-blauw-hoogglans.html,"379,-",Pro-Ject Debut Carbon DC rood hoogglans
https://www.hobo.nl/hi-fi/pro-ject-debut-carbon-dc-2m-red-blauw-hoogglans.html,"379,-",Pro-Ject Debut Carbon DC blauw hoogglans
https://www.hobo.nl/hi-fi/pro-ject-debut-carbon-dc-2m-red-blauw-hoogglans.html,"379,-",Pro-Ject Debut Carbon DC groen hoogglans
https://www.hobo.nl/hi-fi/pro-ject-debut-carbon-dc-2m-red-blauw-hoogglans.html,"379,-",Pro-Ject Debut Carbon DC grijs hoogglans
https://www.hobo.nl/hi-fi/pro-ject-debut-carbon-dc-2m-red-blauw-hoogglans.html,"379,-",Pro-Ject Debut Carbon DC zwart hoogglans
https://www.hobo.nl/hi-fi/pro-ject-debut-carbon-dc-2m-red-blauw-hoogglans.html,"379,-",Pro-Ject Debut Carbon DC wit hoogglans
https://www.hobo.nl/hi-fi/pro-ject-debut-carbon-dc-2m-red-blauw-hoogglans.html,"379,-",Pro-Ject Debut Carbon DC geel hoogglans
https://www.hobo.nl/hi-fi/pro-ject-debut-carbon-dc-2m-red-blauw-hoogglans.html,"499,-",Pro-Ject Debut Carbon Phono USB DC geel hoogglans
https://www.hobo.nl/hi-fi/pro-ject-debut-carbon-dc-2m-red-blauw-hoogglans.html,"499,-",Pro-Ject Debut Carbon Phono USB DC wit hoogglans
https://www.hobo.nl/hi-fi/pro-ject-debut-carbon-dc-2m-red-blauw-hoogglans.html,"499,-",Pro-Ject Debut Carbon Phono USB DC zwart hoogglans
https://www.hobo.nl/hi-fi/pro-ject-debut-carbon-dc-2m-red-blauw-hoogglans.html,"499,-",Pro-Ject Debut Carbon Phono USB DC rood hoogglans
https://www.hobo.nl/hi-fi/pro-ject-debut-carbon-dc-2m-red-blauw-hoogglans.html,"499,-",Pro-Ject Debut Carbon Phono USB DC grijs hoogglans
https://www.hobo.nl/hi-fi/pro-ject-debut-carbon-dc-2m-red-blauw-hoogglans.html,"499,-",Pro-Ject Debut Carbon Phono USB DC groen hoogglans
https://www.hobo.nl/streaming/paradigm-pw-link.html,"499,-",Paradigm PW LINK
https://www.hobo.nl/hi-fi/pro-ject-debut-carbon-dc-2m-red-blauw-hoogglans.html,"499,-",Pro-Ject Debut Carbon Phono USB DC blauw hoogglans
https://www.hobo.nl/hi-fi/pro-ject-debut-carbon-dc-2m-red-blauw-hoogglans.html,"499,-",Pro-Ject Debut Carbon Esprit DC 2M-Red blauw hoogglans
https://www.hobo.nl/luidsprekers/dali-zensor-7-zwart.html,"429,-",DALI Zensor 7 zwart
https://www.hobo.nl/streaming/paradigm-pw-link.html,"1.200,-",Rotel RT-1570 zwart
https://www.hobo.nl/streaming/paradigm-pw-link.html,"1.279,-",Rotel A-14 zilver
https://www.hobo.nl/hi-fi/pro-ject-debut-carbon-dc-2m-red-blauw-hoogglans.html,"499,-",Pro-Ject Debut Carbon Esprit DC 2M-Red groen hoogglans
https://www.hobo.nl/hi-fi/pro-ject-debut-carbon-dc-2m-red-blauw-hoogglans.html,"499,-",Pro-Ject Debut Carbon Esprit DC 2M-Red grijs hoogglans
https://www.hobo.nl/luidsprekers/dali-zensor-7-zwart.html,"440,-",Monitor Audio Silver 1 zwart hoogglans
https://www.hobo.nl/luidsprekers/dali-zensor-7-zwart.html,"449,-",Sumiko S.0 wit
https://www.hobo.nl/luidsprekers/dali-zensor-7-zwart.html,"579,-",Paradigm Studio 10 zwart hoogglans
https://www.hobo.nl/streaming/paradigm-pw-link.html,"849,-",Rotel T-14 zwart
https://www.hobo.nl/streaming/paradigm-pw-link.html,"849,-",Rotel T-14 zilver
https://www.hobo.nl/streaming/paradigm-pw-link.html,"599,-",Yamaha BD-A1060 zwart
https://www.hobo.nl/hi-fi/pro-ject-debut-carbon-dc-2m-red-blauw-hoogglans.html,"499,-",Pro-Ject Debut Carbon Esprit DC 2M-Red rood hoogglans
https://www.hobo.nl/hi-fi/pro-ject-debut-carbon-dc-2m-red-blauw-hoogglans.html,"499,-",Pro-Ject Debut Carbon Esprit DC 2M-Red wit hoogglans
https://www.hobo.nl/luidsprekers/dali-zensor-7-zwart.html,"449,-",DALI OPTICON 2 walnoot
https://www.hobo.nl/luidsprekers/dali-zensor-7-zwart.html,"449,-",DALI OPTICON 2 zwart
https://www.hobo.nl/streaming/paradigm-pw-link.html,"599,-",Yamaha BD-A1060 titanium
https://www.hobo.nl/streaming/paradigm-pw-link.html,"699,-",NAD C338 grafiet
https://www.hobo.nl/streaming/paradigm-pw-link.html,"4.750,-",NAD M50.2 Digital Music Player
https://www.hobo.nl/hi-fi/pro-ject-debut-carbon-dc-2m-red-blauw-hoogglans.html,"499,-",Pro-Ject Debut Carbon Esprit DC 2M-Red geel hoogglans
https://www.hobo.nl/hi-fi/pro-ject-debut-carbon-dc-2m-red-blauw-hoogglans.html,"549,-",Pro-Ject Debut Carbon Esprit SB DC 2M-Red zwart hoogglans
https://www.hobo.nl/hi-fi/pro-ject-debut-carbon-dc-2m-red-blauw-hoogglans.html,"549,-",Pro-Ject Debut Carbon Esprit SB DC 2M-Red grijs hoogglans
https://www.hobo.nl/luidsprekers/dali-zensor-7-zwart.html,"449,-",Sumiko S.0 zwart
https://www.hobo.nl/luidsprekers/dali-zensor-7-zwart.html,"549,-",Paradigm Studio 10 zwart
https://www.hobo.nl/luidsprekers/dali-zensor-7-zwart.html,"449,-",Paradigm Monitor Surround 3 zwart
https://www.hobo.nl/streaming/paradigm-pw-link.html,"699,-",Yamaha MusicCast R-N602 zilver
https://www.hobo.nl/streaming/paradigm-pw-link.html,"699,-",Yamaha MusicCast R-N602 zwart
https://www.hobo.nl/hi-fi/pro-ject-debut-carbon-dc-2m-red-blauw-hoogglans.html,"549,-",Pro-Ject Debut Carbon Esprit SB DC 2M-Red wit hoogglans
https://www.hobo.nl/hi-fi/pro-ject-debut-carbon-dc-2m-red-blauw-hoogglans.html,"279,-",Pro-Ject Essential II  zwart
https://www.hobo.nl/hi-fi/pro-ject-debut-carbon-dc-2m-red-blauw-hoogglans.html,"279,-",Pro-Ject Essential II  rood
https://www.hobo.nl/luidsprekers/dali-zensor-7-zwart.html,"449,-",DALI OPTICON 2 wit
https://www.hobo.nl/luidsprekers/dali-zensor-7-zwart.html,"449,-",Paradigm PDR 100
https://www.hobo.nl/luidsprekers/dali-zensor-7-zwart.html,"549,-",Paradigm Studio 10 kersen
https://www.hobo.nl/streaming/paradigm-pw-link.html,"1.399,-",Yamaha MusicCast RX-A1060 titanium
https://www.hobo.nl/streaming/paradigm-pw-link.html,"1.799,-",Yamaha MusicCast RX-A2060 titanium
https://www.hobo.nl/hi-fi/pro-ject-debut-carbon-dc-2m-red-blauw-hoogglans.html,"279,-",Pro-Ject Essential II  wit
https://www.hobo.nl/hi-fi/pro-ject-debut-carbon-dc-2m-red-blauw-hoogglans.html,"369,-",Pro-Ject Essential II Phono USB  zwart
https://www.hobo.nl/hi-fi/pro-ject-debut-carbon-dc-2m-red-blauw-hoogglans.html,"369,-",Pro-Ject Essential II Phono USB  rood
https://www.hobo.nl/luidsprekers/dali-zensor-7-zwart.html,"579,-",Paradigm Monitor Center 3  kersen
https://www.hobo.nl/luidsprekers/dali-zensor-7-zwart.html,"450,-",Bowers & Wilkins HTM62 S2  zwart
https://www.hobo.nl/luidsprekers/dali-zensor-7-zwart.html,"450,-",Bowers & Wilkins ASW608 zwart
https://www.hobo.nl/streaming/paradigm-pw-link.html,"749,-",Yamaha MusicCast RX-A660 zwart
https://www.hobo.nl/streaming/paradigm-pw-link.html,"1.049,-",Yamaha MusicCast RX-A860 zwart
https://www.hobo.nl/streaming/paradigm-pw-link.html,"1.099,-",Yamaha MusicCast MCR-N870D zwart
https://www.hobo.nl/hi-fi/pro-ject-debut-carbon-dc-2m-red-blauw-hoogglans.html,"369,-",Pro-Ject Essential II Phono USB  wit
https://www.hobo.nl/hi-fi/pro-ject-debut-carbon-dc-2m-red-blauw-hoogglans.html,"969,-",Rotel RCD-1570 zilver
https://www.hobo.nl/luidsprekers/dali-zensor-7-zwart.html,"450,-",Bowers & Wilkins HTM62 S2  wit
https://www.hobo.nl/luidsprekers/dali-zensor-7-zwart.html,"450,-",Bowers & Wilkins ASW608 wit mat
https://www.hobo.nl/streaming/paradigm-pw-link.html,"1.099,-",Yamaha MusicCast MCR-N870D zilver zwart
https://www.hobo.nl/streaming/paradigm-pw-link.html,"1.397,-",Bluesound Powernode 2 + B&W 686
https://www.hobo.nl/streaming/paradigm-pw-link.html,"799,-",Sonos SUB wit
https://www.hobo.nl/luidsprekers/dali-zensor-7-zwart.html,"469,-",Bowers & Wilkins CCM662
https://www.hobo.nl/luidsprekers/dali-zensor-7-zwart.html,"475,-",Monitor Audio Silver 2 walnoot
https://www.hobo.nl/luidsprekers/dali-zensor-7-zwart.html,"475,-",Monitor Audio Silver 2 rosenut
https://www.hobo.nl/streaming/paradigm-pw-link.html,"849,-",Oppo UDP-203
https://www.hobo.nl/streaming/paradigm-pw-link.html,"1.299,-",Bluesound Streaming audioset
https://www.hobo.nl/streaming/paradigm-pw-link.html,"1.999,-",Yamaha RX-A860 ZENSOR voordeelbundel
https://www.hobo.nl/luidsprekers/dali-zensor-7-zwart.html,"475,-",Bowers & Wilkins CCM663SR
https://www.hobo.nl/luidsprekers/dali-zensor-7-zwart.html,"475,-",Monitor Audio Silver 2 eiken
https://www.hobo.nl/luidsprekers/dali-zensor-7-zwart.html,"475,-",Monitor Audio Silver 2 zwart eiken
https://www.hobo.nl/streaming/paradigm-pw-link.html,"3.490,-",AVM SD 2.2 zilver
https://www.hobo.nl/streaming/paradigm-pw-link.html,"3.490,-",AVM SD 2.2 zwart
https://www.hobo.nl/streaming/paradigm-pw-link.html,"4.750,-",Moon NEO 380D DSD MiND zwart
https://www.hobo.nl/luidsprekers/dali-zensor-7-zwart.html,"489,-",Paradigm CI Pro P80-IW
https://www.hobo.nl/luidsprekers/dali-zensor-7-zwart.html,"489,-",Paradigm CI Pro P65-RX
https://www.hobo.nl/streaming/paradigm-pw-link.html,"1.850,-",Moon NEO 260DT zwart zilver
https://www.hobo.nl/streaming/paradigm-pw-link.html,"2.650,-",Moon NEO 280D DSD MIND zwart
https://www.hobo.nl/streaming/paradigm-pw-link.html,"2.650,-",Moon NEO 280D DSD MIND zilver
https://www.hobo.nl/luidsprekers/dali-zensor-7-zwart.html,"489,-",Paradigm CI Pro P80-SM
https://www.hobo.nl/luidsprekers/dali-zensor-7-zwart.html,"799,-",Paradigm DSP 3100
https://www.hobo.nl/luidsprekers/dali-zensor-7-zwart.html,"499,-",Sonus faber Stand Olympica I
https://www.hobo.nl/streaming/paradigm-pw-link.html,"1.850,-",Moon NEO 260DT zwart
https://www.hobo.nl/streaming/paradigm-pw-link.html,"2.150,-",Moon NEO 280D DSD zwart zilver
https://www.hobo.nl/streaming/paradigm-pw-link.html,"2.150,-",Moon NEO 280D DSD zilver
https://www.hobo.nl/luidsprekers/dali-zensor-7-zwart.html,"500,-",Monitor Audio Radius 270 walnoot
https://www.hobo.nl/luidsprekers/dali-zensor-7-zwart.html,"500,-",Monitor Audio Radius 270 zwart hoogglans
https://www.hobo.nl/luidsprekers/dali-zensor-7-zwart.html,"650,-",Bowers & Wilkins CM5 S2  rosenut
https://www.hobo.nl/streaming/paradigm-pw-link.html,"2.150,-",Moon NEO 280D DSD zwart
https://www.hobo.nl/streaming/paradigm-pw-link.html,"4.750,-",Moon NEO 380D DSD MiND zilver
https://www.hobo.nl/streaming/paradigm-pw-link.html,"5.250,-",Moon NEO 380D DSD V-MiND zwart zilver 
https://www.hobo.nl/luidsprekers/dali-zensor-7-zwart.html,"650,-",Bowers & Wilkins CM5 S2  wit zijdeglans
https://www.hobo.nl/luidsprekers/dali-zensor-7-zwart.html,"500,-",Monitor Audio Radius 270 wit hoogglans
https://www.hobo.nl/luidsprekers/dali-zensor-7-zwart.html,"509,-",Paradigm CI Pro P80-A
https://www.hobo.nl/streaming/paradigm-pw-link.html,"5.250,-",Moon NEO 380D DSD V-MiND zwart
https://www.hobo.nl/streaming/paradigm-pw-link.html,"5.250,-",Moon NEO 380D DSD V-MiND zilver
https://www.hobo.nl/luidsprekers/dali-zensor-7-zwart.html,"519,-",DALI SUB E-9F walnoot
https://www.hobo.nl/luidsprekers/dali-zensor-7-zwart.html,"519,-",DALI SUB E-9F zwart
https://www.hobo.nl/hi-fi/rotel-rcd-1570-zwart.html,"969,-",Rotel RCD-1570 zwart
https://www.hobo.nl/hi-fi/rotel-rcd-1570-zwart.html,"1.599,-",Rotel RA-1570 zilver
https://www.hobo.nl/hi-fi/rotel-rcd-1570-zwart.html,"1.599,-",Rotel RA-1570 zwart
https://www.hobo.nl/hi-fi/rotel-rcd-1570-zwart.html,"999,-",Rotel RC-1570 zilver
https://www.hobo.nl/hi-fi/rotel-rcd-1570-zwart.html,"750,-",Rotel RDD-1580 zilver
https://www.hobo.nl/hi-fi/rotel-rcd-1570-zwart.html,"750,-",Rotel RDD-1580 zwart
https://www.hobo.nl/hi-fi/rotel-rcd-1570-zwart.html,"74,95",Bayan Audio StreamPort Universal wit
https://www.hobo.nl/hi-fi/rotel-rcd-1570-zwart.html,"4.990,-",AVM MA 3.2S  zwart
https://www.hobo.nl/hi-fi/rotel-rcd-1570-zwart.html,"3.990,-",AVM A 5.2 zwart
https://www.hobo.nl/hi-fi/rotel-rcd-1570-zwart.html,"2.990,-",AVM PA 3.2  zwart
https://www.hobo.nl/hi-fi/rotel-rcd-1570-zwart.html,"2.990,-",AVM PA 3.2  zilver
https://www.hobo.nl/hi-fi/rotel-rcd-1570-zwart.html,"899,-",Arcam FMJ A19
https://www.hobo.nl/hi-fi/rotel-rcd-1570-zwart.html,"139,-",Arcam miniBlink
https://www.hobo.nl/hi-fi/rotel-rcd-1570-zwart.html,"229,-",Arcam rBlink zwart
https://www.hobo.nl/hi-fi/rotel-rcd-1570-zwart.html,"679,-",Arcam irDAC-II
https://www.hobo.nl/hi-fi/rotel-rcd-1570-zwart.html,"1.399,-",NAD C510
https://www.hobo.nl/hi-fi/rotel-rcd-1570-zwart.html,"1.999,-",Anthem Integrated 225
https://www.hobo.nl/hi-fi/rotel-rcd-1570-zwart.html,"3.990,-",AVM CS 2.2  zwart
https://www.hobo.nl/hi-fi/rotel-rcd-1570-zwart.html,"3.990,-",AVM CS 2.2  zilver
https://www.hobo.nl/hi-fi/rotel-rcd-1570-zwart.html,"5.490,-",AVM CS 5.2  zwart
https://www.hobo.nl/hi-fi/rotel-rcd-1570-zwart.html,"5.490,-",AVM CS 5.2  zilver
https://www.hobo.nl/hi-fi/rotel-rcd-1570-zwart.html,"179,-",Pro-Ject DAC Box S USB  zwart
https://www.hobo.nl/hi-fi/rotel-rcd-1570-zwart.html,"179,-",Pro-Ject DAC Box S USB  zilver
https://www.hobo.nl/hi-fi/rotel-rcd-1570-zwart.html,"219,-",Pro-Ject DAC Box S FL  zwart
https://www.hobo.nl/luidsprekers/dali-sub-e-9f-wit.html,"519,-",DALI SUB E-9F wit
https://www.hobo.nl/hi-fi/rotel-rcd-1570-zwart.html,"219,-",Pro-Ject DAC Box S FL  zilver
https://www.hobo.nl/hi-fi/rotel-rcd-1570-zwart.html,"429,-",Pro-Ject DAC Box DS  zwart
https://www.hobo.nl/luidsprekers/dali-sub-e-9f-wit.html,"522,50",Monitor Audio Silver 2 wit hoogglans
https://www.hobo.nl/luidsprekers/dali-sub-e-9f-wit.html,"525,-",Bowers & Wilkins 684 S2 wit
https://www.hobo.nl/hi-fi/rotel-rcd-1570-zwart.html,"429,-",Pro-Ject DAC Box DS  zilver
https://www.hobo.nl/hi-fi/rotel-rcd-1570-zwart.html,"1.249,-",Pro-Ject Pre Box RS zwart
https://www.hobo.nl/luidsprekers/dali-sub-e-9f-wit.html,"525,-",Bowers & Wilkins 684 S2 zwart
https://www.hobo.nl/luidsprekers/dali-sub-e-9f-wit.html,"599,-",Bluesound Pulse Mini zwart (geopende verpakking)
https://www.hobo.nl/hi-fi/rotel-rcd-1570-zwart.html,"1.249,-",Pro-Ject Pre Box RS zilver
https://www.hobo.nl/hi-fi/rotel-rcd-1570-zwart.html,"1.249,-",Pro-Ject Pre Box RS Digital zwart
https://www.hobo.nl/luidsprekers/dali-sub-e-9f-wit.html,"579,-",Sonos PLAY:5 Wit
https://www.hobo.nl/luidsprekers/dali-sub-e-9f-wit.html,"579,-",Sonos PLAY:5 Zwart
https://www.hobo.nl/hi-fi/rotel-rcd-1570-zwart.html,"949,-",Pro-Ject Amp Box RS zwart
https://www.hobo.nl/hi-fi/rotel-rcd-1570-zwart.html,"949,-",Pro-Ject Amp Box RS zilver
https://www.hobo.nl/luidsprekers/dali-sub-e-9f-wit.html,"549,-",DALI OPTICON VOKAL Walnoot
https://www.hobo.nl/luidsprekers/dali-sub-e-9f-wit.html,"549,-",Paradigm Monitor 7 zwart 
https://www.hobo.nl/hi-fi/rotel-rcd-1570-zwart.html,"1.079,-",Pro-Ject CD Box RS zwart
https://www.hobo.nl/hi-fi/rotel-rcd-1570-zwart.html,"1.079,-",Pro-Ject CD Box RS zilver
https://www.hobo.nl/luidsprekers/dali-sub-e-9f-wit.html,"549,-",Bowers & Wilkins CCM682
https://www.hobo.nl/luidsprekers/dali-sub-e-9f-wit.html,"549,-",DALI OPTICON VOKAL Wit
https://www.hobo.nl/hi-fi/rotel-rcd-1570-zwart.html,"949,-",Pro-Ject DAC Box RS  zwart
https://www.hobo.nl/hi-fi/rotel-rcd-1570-zwart.html,"949,-",Pro-Ject DAC Box RS  zilver
https://www.hobo.nl/luidsprekers/dali-sub-e-9f-wit.html,"549,-",DALI OPTICON VOKAL Zwart
https://www.hobo.nl/luidsprekers/dali-sub-e-9f-wit.html,"750,-",Monitor Audio Silver 6 zwart eiken (geopende verpakking)
https://www.hobo.nl/luidsprekers/dali-sub-e-9f-wit.html,"575,-",Monitor Audio Silver Center rosenut
https://www.hobo.nl/luidsprekers/dali-sub-e-9f-wit.html,"575,-",Monitor Audio Silver Center eiken
https://www.hobo.nl/luidsprekers/dali-sub-e-9f-wit.html,"579,-",Paradigm Monitor Center 3  zwart
https://www.hobo.nl/luidsprekers/dali-sub-e-9f-wit.html,"750,-",Monitor Audio Silver 6 zwart eiken
https://www.hobo.nl/luidsprekers/dali-sub-e-9f-wit.html,"750,-",Monitor Audio Silver 6 rosenut
https://www.hobo.nl/luidsprekers/dali-sub-e-9f-wit.html,"599,-",Sumiko S.5 zwart
https://www.hobo.nl/luidsprekers/dali-sub-e-9f-wit.html,"599,-",Sonus faber Stand Olympica Center
https://www.hobo.nl/luidsprekers/dali-sub-e-9f-wit.html,"599,-",Bluesound Pulse Mini zwart
https://www.hobo.nl/luidsprekers/dali-sub-e-9f-wit.html,"599,-",Sumiko S.5 wit
https://www.hobo.nl/luidsprekers/dali-sub-e-9f-wit.html,"599,-",Paradigm PDR W100
https://www.hobo.nl/luidsprekers/dali-sub-e-9f-wit.html,"599,-",Elac BS-243.3 zwart hoogglans
https://www.hobo.nl/luidsprekers/dali-sub-e-9f-wit.html,"600,-",Bowers & Wilkins ASW610
https://www.hobo.nl/luidsprekers/dali-sub-e-9f-wit.html,"609,-",Paradigm CI Pro P80-RX
https://www.hobo.nl/luidsprekers/dali-sub-e-9f-wit.html,"825,-",Monitor Audio Silver 6 zwart hoogglans (geopende verpakking)
https://www.hobo.nl/luidsprekers/dali-sub-e-9f-wit.html,"629,-",Paradigm Millenia 20 LCR  zwart chroom
https://www.hobo.nl/luidsprekers/dali-sub-e-9f-wit.html,"699,-",Bluesound Pulse Sub (geopende verpakking)
https://www.hobo.nl/luidsprekers/dali-sub-e-9f-wit.html,"633,-",Monitor Audio Silver Center wit hoogglans
https://www.hobo.nl/luidsprekers/dali-sub-e-9f-wit.html,"633,-",Monitor Audio Silver Center zwart hoogglans
https://www.hobo.nl/luidsprekers/dali-sub-e-9f-wit.html,"999,-",Paradigm DSP 3200
https://www.hobo.nl/luidsprekers/dali-sub-e-9f-wit.html,"649,-",DALI SUB E-12F wit
https://www.hobo.nl/luidsprekers/dali-sub-e-9f-wit.html,"649,-",DALI OPTICON LCR Zwart
https://www.hobo.nl/luidsprekers/dali-sub-e-9f-wit.html,"649,-",DALI SUB E-12F zwart
https://www.hobo.nl/luidsprekers/dali-sub-e-9f-wit.html,"649,-",Monitor Audio BRONZE W10 Rosemah
https://www.hobo.nl/hi-fi/avm-a5-2t-zilver.html,"4.990,-",AVM A 5.2T zilver
https://www.hobo.nl/hi-fi/avm-a5-2t-zilver.html,"3.490,-",AVM SA 3.2 zwart
https://www.hobo.nl/hi-fi/avm-a5-2t-zilver.html,"3.490,-",AVM SA 3.2 zilver
https://www.hobo.nl/hi-fi/avm-a5-2t-zilver.html,"3.990,-",AVM PA 5.2  zwart
https://www.hobo.nl/hi-fi/avm-a5-2t-zilver.html,"3.990,-",AVM PA 5.2  zilver
https://www.hobo.nl/hi-fi/avm-a5-2t-zilver.html,"3.990,-",AVM SD 3.2 zwart
https://www.hobo.nl/hi-fi/avm-a5-2t-zilver.html,"3.990,-",AVM SD 3.2 zilver
https://www.hobo.nl/hi-fi/avm-a5-2t-zilver.html,"5.490,-",AVM SD 5.2 zwart
https://www.hobo.nl/hi-fi/avm-a5-2t-zilver.html,"5.490,-",AVM SD 5.2 zilver
https://www.hobo.nl/hi-fi/avm-a5-2t-zilver.html,"1.799,-",Arcam FMJ A39
https://www.hobo.nl/hi-fi/avm-a5-2t-zilver.html,"5.290,-",Arcam FMJ A49
https://www.hobo.nl/hi-fi/avm-a5-2t-zilver.html,"6.490,-",AVM CD8 zwart
https://www.hobo.nl/hi-fi/avm-a5-2t-zilver.html,"6.990,-",AVM PA 8 zwart
https://www.hobo.nl/hi-fi/avm-a5-2t-zilver.html,"6.990,-",AVM PA 8 zilver
https://www.hobo.nl/hi-fi/avm-a5-2t-zilver.html,"11.490,-",AVM SA 8.2 zwart
https://www.hobo.nl/hi-fi/avm-a5-2t-zilver.html,"11.490,-",AVM SA 8.2 zilver
https://www.hobo.nl/hi-fi/avm-a5-2t-zilver.html,"22.900,-",AVM MA 8.2 zwart
https://www.hobo.nl/hi-fi/avm-a5-2t-zilver.html,"22.900,-",AVM MA 8.2 zilver
https://www.hobo.nl/luidsprekers/monitor-audio-silver-6-zwart-hoogglans.html,"825,-",Monitor Audio Silver 6 zwart hoogglans
https://www.hobo.nl/hi-fi/avm-a5-2t-zilver.html,"329,-",Revo SuperSignal walnoot
https://www.hobo.nl/hi-fi/avm-a5-2t-zilver.html,"399,-",Revo SuperConnect
https://www.hobo.nl/luidsprekers/monitor-audio-silver-6-zwart-hoogglans.html,"649,-",Monitor Audio BRONZE W10 walnoot
https://www.hobo.nl/luidsprekers/monitor-audio-silver-6-zwart-hoogglans.html,"649,-",DALI OPTICON LCR Walnoot
https://www.hobo.nl/hi-fi/avm-a5-2t-zilver.html,"1.290,-",Primare CD22 zwart
https://www.hobo.nl/hi-fi/avm-a5-2t-zilver.html,"1.290,-",Primare CD22 titanium
https://www.hobo.nl/luidsprekers/monitor-audio-silver-6-zwart-hoogglans.html,"649,-",DALI SUB E-12F walnoot
https://www.hobo.nl/luidsprekers/monitor-audio-silver-6-zwart-hoogglans.html,"649,-",Monitor Audio BRONZE W10 wit
https://www.hobo.nl/hi-fi/avm-a5-2t-zilver.html,"965,-",Arcam CDS27
https://www.hobo.nl/hi-fi/avm-a5-2t-zilver.html,"69,-",Argon mini DAC
https://www.hobo.nl/luidsprekers/monitor-audio-silver-6-zwart-hoogglans.html,"825,-",Monitor Audio Silver 6 wit hoogglans
https://www.hobo.nl/luidsprekers/monitor-audio-silver-6-zwart-hoogglans.html,"649,-",DALI OPTICON LCR Wit
https://www.hobo.nl/hi-fi/avm-a5-2t-zilver.html,"3.999,-",NAD M12
https://www.hobo.nl/hi-fi/avm-a5-2t-zilver.html,"449,-",Pro-Ject RPM 1 Carbon 2M-Red rood hoogglans
https://www.hobo.nl/luidsprekers/monitor-audio-silver-6-zwart-hoogglans.html,"649,-",Monitor Audio BRONZE W10 zwart eiken
https://www.hobo.nl/luidsprekers/monitor-audio-silver-6-zwart-hoogglans.html,"749,-",Bowers & Wilkins 683 S2 wit (geopende verpakking)
https://www.hobo.nl/hi-fi/avm-a5-2t-zilver.html,"449,-",Pro-Ject RPM 1 Carbon 2M-Red wit hoogglans
https://www.hobo.nl/hi-fi/avm-a5-2t-zilver.html,"449,-",Pro-Ject RPM 1 Carbon 2M-Red zwart hoogglans
https://www.hobo.nl/luidsprekers/monitor-audio-silver-6-zwart-hoogglans.html,"675,-",Monitor Audio Radius 380 wit hoogglans
https://www.hobo.nl/luidsprekers/monitor-audio-silver-6-zwart-hoogglans.html,"675,-",Monitor Audio Radius 380 walnoot
https://www.hobo.nl/hi-fi/avm-a5-2t-zilver.html,"3.499,-",NAD M22
https://www.hobo.nl/hi-fi/avm-a5-2t-zilver.html,"179,-",Tivoli Model One black
https://www.hobo.nl/hi-fi/avm-a5-2t-zilver.html,"179,-",Tivoli Model One walnut/ beige
https://www.hobo.nl/luidsprekers/monitor-audio-silver-6-zwart-hoogglans.html,"1.350,-",ASW Genius 310 donker eiken hoogglans
https://www.hobo.nl/luidsprekers/monitor-audio-silver-6-zwart-hoogglans.html,"675,-",Monitor Audio Radius 380 zwart hoogglans
https://www.hobo.nl/hi-fi/avm-a5-2t-zilver.html,"179,-",Tivoli Model One frost white/ snow white
https://www.hobo.nl/hi-fi/avm-a5-2t-zilver.html,"229,-",Tivoli Model One BT  walnut/ beige
https://www.hobo.nl/luidsprekers/monitor-audio-silver-6-zwart-hoogglans.html,"950,-",Monitor Audio Silver 8 eiken
https://www.hobo.nl/luidsprekers/monitor-audio-silver-6-zwart-hoogglans.html,"799,-",Paradigm PW 600 zwart
https://www.hobo.nl/luidsprekers/monitor-audio-silver-6-zwart-hoogglans.html,"699,-",DALI OPTICON 5 Walnoot
https://www.hobo.nl/hi-fi/avm-a5-2t-zilver.html,"229,-",Tivoli Model One BT  black ash/ silver
https://www.hobo.nl/hi-fi/avm-a5-2t-zilver.html,"229,-",Tivoli Model One BT  black ash/ black
https://www.hobo.nl/hi-fi/avm-a5-2t-zilver.html,"229,-",Tivoli Model One BT  white/ silver
https://www.hobo.nl/luidsprekers/monitor-audio-silver-6-zwart-hoogglans.html,"699,-",Bowers & Wilkins Zeppelin Wireless
https://www.hobo.nl/luidsprekers/monitor-audio-silver-6-zwart-hoogglans.html,"699,-",Paradigm Millenia One 2.0  zwart
https://www.hobo.nl/luidsprekers/monitor-audio-silver-6-zwart-hoogglans.html,"699,-",DALI OPTICON 5 Wit
https://www.hobo.nl/luidsprekers/monitor-audio-silver-6-zwart-hoogglans.html,"950,-",Bowers & Wilkins CM8 S2  rosenut
https://www.hobo.nl/luidsprekers/monitor-audio-silver-6-zwart-hoogglans.html,"799,-",Paradigm PW 600 wit
https://www.hobo.nl/luidsprekers/monitor-audio-silver-6-zwart-hoogglans.html,"699,-",Bluesound Pulse Sub
https://www.hobo.nl/luidsprekers/monitor-audio-silver-6-zwart-hoogglans.html,"699,-",Paradigm Monitor 9 
https://www.hobo.nl/luidsprekers/monitor-audio-silver-6-zwart-hoogglans.html,"699,-",Paradigm Millenia One 2.0  wit
https://www.hobo.nl/luidsprekers/monitor-audio-silver-6-zwart-hoogglans.html,"699,-",DALI OPTICON 5 Zwart
https://www.hobo.nl/luidsprekers/monitor-audio-silver-6-zwart-hoogglans.html,"700,-",Bowers & Wilkins HTM61 S2  wit
https://www.hobo.nl/luidsprekers/monitor-audio-silver-6-zwart-hoogglans.html,"700,-",Bowers & Wilkins HTM61 S2  zwart
https://www.hobo.nl/luidsprekers/monitor-audio-silver-6-zwart-hoogglans.html,"749,-",Bowers & Wilkins 683 S2 wit
https://www.hobo.nl/luidsprekers/monitor-audio-silver-6-zwart-hoogglans.html,"950,-",Bowers & Wilkins CM6 S2  wit zijdeglans
https://www.hobo.nl/luidsprekers/monitor-audio-silver-6-zwart-hoogglans.html,"950,-",Bowers & Wilkins CM8 S2  wit zijdeglans
https://www.hobo.nl/luidsprekers/monitor-audio-silver-6-zwart-hoogglans.html,"799,-",Sonos SUB wit
https://www.hobo.nl/luidsprekers/monitor-audio-silver-6-zwart-hoogglans.html,"950,-",Bowers & Wilkins CM8 S2  zwart hoogglans
https://www.hobo.nl/luidsprekers/monitor-audio-silver-6-zwart-hoogglans.html,"950,-",Bowers & Wilkins CM8 S2  rosenut
https://www.hobo.nl/luidsprekers/monitor-audio-silver-6-zwart-hoogglans.html,"749,-",Bowers & Wilkins 683 S2 zwart
https://www.hobo.nl/luidsprekers/monitor-audio-silver-6-zwart-hoogglans.html,"799,-",Sonos SUB zwart
https://www.hobo.nl/luidsprekers/monitor-audio-silver-6-zwart-hoogglans.html,"950,-",Bowers & Wilkins CM6 S2  zwart hoogglans
https://www.hobo.nl/hi-fi/tivoli-model-one-bt-cherry-silver.html,"229,-",Tivoli Model One BT  cherry/ silver
https://www.hobo.nl/hi-fi/tivoli-model-one-bt-cherry-silver.html,"279,-",Tivoli Albergo+ white
https://www.hobo.nl/hi-fi/tivoli-model-one-bt-cherry-silver.html,"279,-",Tivoli Albergo+ graphite
https://www.hobo.nl/hi-fi/tivoli-model-one-bt-cherry-silver.html,"279,-",Tivoli Albergo+ glossy red/ white
https://www.hobo.nl/hi-fi/tivoli-model-one-bt-cherry-silver.html,"279,-",Tivoli Albergo+ glossy blue/ white
https://www.hobo.nl/hi-fi/tivoli-model-one-bt-cherry-silver.html,"279,-",Tivoli Albergo+ grass green/ white
https://www.hobo.nl/hi-fi/tivoli-model-one-bt-cherry-silver.html,"549,-",Bluesound Node 2 zwart
https://www.hobo.nl/hi-fi/tivoli-model-one-bt-cherry-silver.html,"990,-",AVM PA 8 lijn-in cinch Module
https://www.hobo.nl/hi-fi/tivoli-model-one-bt-cherry-silver.html,"990,-",AVM PA 8 lijn-in XLR Module
https://www.hobo.nl/hi-fi/tivoli-model-one-bt-cherry-silver.html,"999,-",Arcam FMJ A29
https://www.hobo.nl/hi-fi/tivoli-model-one-bt-cherry-silver.html,"5.490,-",AVM MP 5.2 zilver
https://www.hobo.nl/hi-fi/tivoli-model-one-bt-cherry-silver.html,"2.650,-",Moon NEO 280D DSD MIND zwart zilver
https://www.hobo.nl/hi-fi/tivoli-model-one-bt-cherry-silver.html,"4.750,-",Moon NEO 380D DSD MiND zwart zilver 
https://www.hobo.nl/hi-fi/tivoli-model-one-bt-cherry-silver.html,"199,-",AudioQuest Beetle 
https://www.hobo.nl/hi-fi/tivoli-model-one-bt-cherry-silver.html,"499,-",Mitchell & Johnson SAP-201V Zilver
https://www.hobo.nl/hi-fi/tivoli-model-one-bt-cherry-silver.html,"499,-",Mitchell & Johnson SAP-201V Zwart
https://www.hobo.nl/hi-fi/tivoli-model-one-bt-cherry-silver.html,"599,-",Mitchell & Johnson WLD+211T Zilver
https://www.hobo.nl/hi-fi/tivoli-model-one-bt-cherry-silver.html,"399,-",Mitchell & Johnson CDD-201V Zilver
https://www.hobo.nl/hi-fi/tivoli-model-one-bt-cherry-silver.html,"449,-",Mitchell & Johnson DR-201V Zilver
https://www.hobo.nl/hi-fi/tivoli-model-one-bt-cherry-silver.html,"799,-",Revo SuperSystem Walnoot/ zilver
https://www.hobo.nl/hi-fi/tivoli-model-one-bt-cherry-silver.html,"799,-",Revo SuperSystem Walnoot/ zwart
https://www.hobo.nl/hi-fi/tivoli-model-one-bt-cherry-silver.html,"799,-",Revo SuperSystem Zwart/ zilver
https://www.hobo.nl/hi-fi/tivoli-model-one-bt-cherry-silver.html,"799,-",Revo SuperSystem Wit/ zilver
https://www.hobo.nl/hi-fi/tivoli-model-one-bt-cherry-silver.html,"799,-",Revo SuperSystem Zwart mat
https://www.hobo.nl/hi-fi/tivoli-model-one-bt-cherry-silver.html,"399,-",Thorens TD 158
https://www.hobo.nl/hi-fi/tivoli-model-one-bt-cherry-silver.html,"599,-",Thorens TD 190-2 zwart
https://www.hobo.nl/hi-fi/tivoli-model-one-bt-cherry-silver.html,"599,-",Thorens TD 190-2 zilver
https://www.hobo.nl/hi-fi/tivoli-model-one-bt-cherry-silver.html,"799,-",Thorens TD 240-2 zwart
https://www.hobo.nl/luidsprekers/asw-genius-210-kersen.html,"750,-",ASW Genius 210 kersen
https://www.hobo.nl/hi-fi/tivoli-model-one-bt-cherry-silver.html,"899,-",Thorens TD 240-2 zwart hoogglans
https://www.hobo.nl/hi-fi/tivoli-model-one-bt-cherry-silver.html,"899,-",Thorens TD 240-2 noten
https://www.hobo.nl/luidsprekers/asw-genius-210-kersen.html,"950,-",Monitor Audio Silver 8 zwart eiken
https://www.hobo.nl/luidsprekers/asw-genius-210-kersen.html,"799,-",Bluesound Pulse 2 Zwart
https://www.hobo.nl/hi-fi/tivoli-model-one-bt-cherry-silver.html,"5.490,-",AVM MP 5.2 zwart
https://www.hobo.nl/hi-fi/tivoli-model-one-bt-cherry-silver.html,"8.990,-",AVM A 6.2 zilver
https://www.hobo.nl/luidsprekers/asw-genius-210-kersen.html,"799,-",Bluesound Pulse 2 Wit
https://www.hobo.nl/luidsprekers/asw-genius-210-kersen.html,"849,-",DALI OPTICON 6 Zwart
https://www.hobo.nl/hi-fi/tivoli-model-one-bt-cherry-silver.html,"8.990,-",AVM A 6.2 zwart
https://www.hobo.nl/hi-fi/tivoli-model-one-bt-cherry-silver.html,"4.290,-",AVM MP 3.2 zilver
https://www.hobo.nl/luidsprekers/asw-genius-210-kersen.html,"849,-",DALI OPTICON 6 Wit
https://www.hobo.nl/luidsprekers/asw-genius-210-kersen.html,"849,-",DALI OPTICON 6 Walnoot
https://www.hobo.nl/hi-fi/tivoli-model-one-bt-cherry-silver.html,"7.490,-",AVM MP 6.2 zilver
https://www.hobo.nl/hi-fi/tivoli-model-one-bt-cherry-silver.html,"7.490,-",AVM MP 6.2 zwart
https://www.hobo.nl/luidsprekers/asw-genius-210-kersen.html,"850,-",Dynaudio Xeo 4 wit zijdeglans
https://www.hobo.nl/luidsprekers/asw-genius-210-kersen.html,"850,-",Dynaudio Xeo 4 zwart zijdeglans
https://www.hobo.nl/luidsprekers/asw-genius-210-kersen.html,"859,-",Elac BS 403 
https://www.hobo.nl/luidsprekers/asw-genius-210-kersen.html,"875,-",Monitor Audio Radius 390 wit hoogglans
https://www.hobo.nl/luidsprekers/asw-genius-210-kersen.html,"875,-",Monitor Audio Radius 390 walnoot
https://www.hobo.nl/luidsprekers/asw-genius-210-kersen.html,"875,-",Monitor Audio Radius 390 zwart hoogglans
https://www.hobo.nl/luidsprekers/asw-genius-210-kersen.html,"1.045,-",Monitor Audio Silver 8 zwart hoogglans
https://www.hobo.nl/luidsprekers/asw-genius-210-kersen.html,"1.499,-",Elac 2.1 MicroMagic
https://www.hobo.nl/luidsprekers/asw-genius-210-kersen.html,"899,-",Paradigm Prestige 15B zwart walnoot
https://www.hobo.nl/luidsprekers/asw-genius-210-kersen.html,"899,-",DALI RUBICON 2 rosso
https://www.hobo.nl/luidsprekers/asw-genius-210-kersen.html,"899,-",Paradigm Monitor 11 zwart
https://www.hobo.nl/luidsprekers/asw-genius-210-kersen.html,"899,-",DALI RUBICON 2 walnoot
https://www.hobo.nl/luidsprekers/asw-genius-210-kersen.html,"899,-",Paradigm Millenia 30 LCR  zwart chroom
https://www.hobo.nl/luidsprekers/asw-genius-210-kersen.html,"899,-",Paradigm Prestige 15B walnoot
https://www.hobo.nl/luidsprekers/asw-genius-210-kersen.html,"899,-",DALI RUBICON 2 zwart hoogglans
https://www.hobo.nl/luidsprekers/asw-genius-210-kersen.html,"899,-",Paradigm Monitor Sub 8
https://www.hobo.nl/luidsprekers/asw-genius-210-kersen.html,"1.350,-",Bowers & Wilkins CM9 S2  rosenut
https://www.hobo.nl/luidsprekers/asw-genius-210-kersen.html,"999,-",Paradigm PW 800 zwart
https://www.hobo.nl/luidsprekers/asw-genius-210-kersen.html,"999,-",Paradigm PW 800 wit
https://www.hobo.nl/luidsprekers/asw-genius-210-kersen.html,"1.210,-",Monitor Audio Silver 10 zwart hoogglans
https://www.hobo.nl/luidsprekers/asw-genius-210-kersen.html,"949,-",Sumiko S.9 zwart
https://www.hobo.nl/luidsprekers/asw-genius-210-kersen.html,"949,-",Sumiko S.9 wit
https://www.hobo.nl/luidsprekers/asw-genius-210-kersen.html,"950,-",Monitor Audio Silver 8 walnoot
https://www.hobo.nl/luidsprekers/asw-genius-210-kersen.html,"950,-",Monitor Audio Silver 8 rosenut
https://www.hobo.nl/luidsprekers/asw-genius-210-kersen.html,"999,-",Paradigm Prestige 15B Midnight Cherry
https://www.hobo.nl/luidsprekers/asw-genius-210-kersen.html,"999,-",Bowers & Wilkins ASW610XP
https://www.hobo.nl/luidsprekers/asw-genius-210-kersen.html,"999,-",Paradigm Prestige 15B zwart hoogglans
https://www.hobo.nl/luidsprekers/asw-genius-210-kersen.html,"999,-",Paradigm Prestige 15B wit hoogglans
https://www.hobo.nl/luidsprekers/asw-genius-210-kersen.html,"1.350,-",Bowers & Wilkins CM9 S2  rosenut
https://www.hobo.nl/hi-fi/rc-1590.html,"1.748,-",Rotel RC-1590 zilver
https://www.hobo.nl/hi-fi/rc-1590.html,"1.748,-",Rotel RC-1590 zwart
https://www.hobo.nl/hi-fi/rc-1590.html,"7.490,-",AVM SD 6.2 zilver
https://www.hobo.nl/hi-fi/rc-1590.html,"7.490,-",AVM SD 6.2 zwart
https://www.hobo.nl/hi-fi/rc-1590.html,"1.169,-",Pro-Ject 2Xperience SB walnoot
https://www.hobo.nl/hi-fi/rc-1590.html,"1.169,-",Pro-Ject 2Xperience SB olijf hoogglans
https://www.hobo.nl/hi-fi/rc-1590.html,"1.169,-",Pro-Ject 2Xperience SB zwart hoogglans
https://www.hobo.nl/hi-fi/rc-1590.html,"1.169,-",Pro-Ject 2Xperience SB mahonie hoogglans
https://www.hobo.nl/hi-fi/rc-1590.html,"1.169,-",Pro-Ject 2Xperience SB eucalyptus
https://www.hobo.nl/hi-fi/rc-1590.html,"1.169,-",Pro-Ject 2Xperience SB palissander
https://www.hobo.nl/hi-fi/rc-1590.html,"1.269,-",Pro-Ject 2Xperience SB - OR eucalyptus
https://www.hobo.nl/hi-fi/rc-1590.html,"99,-",AudioQuest DragonFly Black
https://www.hobo.nl/hi-fi/rc-1590.html,"199,-",AudioQuest DragonFly Red
https://www.hobo.nl/hi-fi/rc-1590.html,"399,-",Pro-Ject Essential II Digital zwart hooglans
https://www.hobo.nl/hi-fi/rc-1590.html,"399,-",Pro-Ject Essential II Digital rood
https://www.hobo.nl/hi-fi/rc-1590.html,"399,-",Pro-Ject Essential II Digital wit
https://www.hobo.nl/hi-fi/rc-1590.html,"699,-",Pro-Ject RPM 3 Carbon zwart hoogglans
https://www.hobo.nl/hi-fi/rc-1590.html,"699,-",Pro-Ject RPM 3 Carbon rood hoogglans
https://www.hobo.nl/hi-fi/rc-1590.html,"699,-",Pro-Ject RPM 3 Carbon wit hoogglans
https://www.hobo.nl/hi-fi/rc-1590.html,"1.199,-",Pro-Ject RPM 5 Carbon wit hoogglans
https://www.hobo.nl/hi-fi/rc-1590.html,"1.199,-",Pro-Ject RPM 5 Carbon zwart hoogglans
https://www.hobo.nl/hi-fi/rc-1590.html,"1.199,-",Pro-Ject RPM 5 Carbon rood hoogglans
https://www.hobo.nl/hi-fi/rc-1590.html,"1.349,-",Pro-Ject RPM 5 Carbon - OR rood hoogglans
https://www.hobo.nl/hi-fi/rc-1590.html,"1.349,-",Pro-Ject RPM 5 Carbon - OR zwart hoogglans
https://www.hobo.nl/hi-fi/rc-1590.html,"1.349,-",Pro-Ject RPM 5 Carbon - OR wit hoogglans
https://www.hobo.nl/hi-fi/rc-1590.html,"1.999,-",Arcam Solo Music
https://www.hobo.nl/luidsprekers/monitor-audio-silver-8-wit-hoogglans.html,"1.045,-",Monitor Audio Silver 8 wit hoogglans
https://www.hobo.nl/hi-fi/rc-1590.html,"4.299,-",Anthem MCA 525
https://www.hobo.nl/hi-fi/rc-1590.html,"3.099,-",Anthem MCA 325
https://www.hobo.nl/luidsprekers/monitor-audio-silver-8-wit-hoogglans.html,"1.079,-",Paradigm Millenia One 3.0  wit
https://www.hobo.nl/luidsprekers/monitor-audio-silver-8-wit-hoogglans.html,"1.079,-",Paradigm Millenia One 3.0  zwart
https://www.hobo.nl/hi-fi/rc-1590.html,"2.499,-",Anthem MCA 225
https://www.hobo.nl/hi-fi/rc-1590.html,"499,-",NAD D3020
https://www.hobo.nl/hi-fi/rc-1590.html,"7.490,-",AVM SA 6.2 zilver
https://www.hobo.nl/luidsprekers/monitor-audio-silver-8-wit-hoogglans.html,"1.099,-",Paradigm Monitor Sub 10
https://www.hobo.nl/luidsprekers/monitor-audio-silver-8-wit-hoogglans.html,"1.099,-",Elac FS-247.3 wit hoogglans
https://www.hobo.nl/luidsprekers/monitor-audio-silver-8-wit-hoogglans.html,"1.100,-",Monitor Audio Silver 10 rosenut
https://www.hobo.nl/hi-fi/rc-1590.html,"7.490,-",AVM SA 6.2 zwart
https://www.hobo.nl/hi-fi/rc-1590.html,"2.700,-",Moon NEO 260DT + DAC zwart zilver
https://www.hobo.nl/luidsprekers/monitor-audio-silver-8-wit-hoogglans.html,"1.100,-",Monitor Audio Silver 10 eiken
https://www.hobo.nl/luidsprekers/monitor-audio-silver-8-wit-hoogglans.html,"1.100,-",Monitor Audio Silver 10 zwart eiken
https://www.hobo.nl/hi-fi/rc-1590.html,"599,-",Block IR-100+ zilver
https://www.hobo.nl/hi-fi/rc-1590.html,"129,-",Arcam MusicBOOST
https://www.hobo.nl/luidsprekers/monitor-audio-silver-8-wit-hoogglans.html,"1.199,-",DALI SUB K-14 F Zwart Essen
https://www.hobo.nl/luidsprekers/monitor-audio-silver-8-wit-hoogglans.html,"1.199,-",Elac Sub 2050 zwart hoogglans
https://www.hobo.nl/luidsprekers/monitor-audio-silver-8-wit-hoogglans.html,"1.199,-",Paradigm UltraCube 10
https://www.hobo.nl/hi-fi/rc-1590.html,"969,-",Rotel RB-1552 MKII zilver
https://www.hobo.nl/luidsprekers/monitor-audio-silver-8-wit-hoogglans.html,"1.199,-",DALI SUB K-14 F Mat Wit
https://www.hobo.nl/luidsprekers/monitor-audio-silver-8-wit-hoogglans.html,"1.210,-",Monitor Audio Silver 10 wit hoogglans
https://www.hobo.nl/luidsprekers/monitor-audio-silver-8-wit-hoogglans.html,"1.799,-",Bowers & Wilkins CM10 S2  wit zijdeglans
https://www.hobo.nl/luidsprekers/monitor-audio-silver-8-wit-hoogglans.html,"1.299,-",DALI OPTICON 8 Zwart
https://www.hobo.nl/luidsprekers/monitor-audio-silver-8-wit-hoogglans.html,"1.299,-",Dynaudio XEO 2 set Zwart
https://www.hobo.nl/luidsprekers/monitor-audio-silver-8-wit-hoogglans.html,"1.299,-",DALI OPTICON 8 Walnoot
https://www.hobo.nl/luidsprekers/monitor-audio-silver-8-wit-hoogglans.html,"1.299,-",Paradigm Monitor SUB 12
https://www.hobo.nl/luidsprekers/monitor-audio-silver-8-wit-hoogglans.html,"1.299,-",DALI OPTICON 8 Wit
https://www.hobo.nl/luidsprekers/monitor-audio-silver-8-wit-hoogglans.html,"1.399,-",Paradigm UltraCube 12
https://www.hobo.nl/luidsprekers/monitor-audio-silver-8-wit-hoogglans.html,"1.429,-",DALI RUBICON 5 rosso
https://www.hobo.nl/luidsprekers/monitor-audio-silver-8-wit-hoogglans.html,"1.429,-",DALI RUBICON 5 walnoot
https://www.hobo.nl/luidsprekers/monitor-audio-silver-8-wit-hoogglans.html,"1.899,-",Paradigm Soundscape
https://www.hobo.nl/luidsprekers/monitor-audio-silver-8-wit-hoogglans.html,"1.499,-",Paradigm Prestige 45C zwart walnoot
https://www.hobo.nl/luidsprekers/monitor-audio-silver-8-wit-hoogglans.html,"1.499,-",Paradigm Millenia Sub  zwart
https://www.hobo.nl/luidsprekers/monitor-audio-silver-8-wit-hoogglans.html,"1.499,-",Paradigm Millenia Sub  wit
https://www.hobo.nl/luidsprekers/monitor-audio-silver-8-wit-hoogglans.html,"1.499,-",Paradigm Prestige 45C walnoot
https://www.hobo.nl/luidsprekers/monitor-audio-silver-8-wit-hoogglans.html,"1.500,-",Monitor Audio SILVER W12 zwart eiken
https://www.hobo.nl/luidsprekers/monitor-audio-silver-8-wit-hoogglans.html,"1.500,-",Monitor Audio SILVER W12 walnoot
https://www.hobo.nl/luidsprekers/monitor-audio-silver-8-wit-hoogglans.html,"1.500,-",Monitor Audio SILVER W12 eiken
https://www.hobo.nl/luidsprekers/monitor-audio-silver-8-wit-hoogglans.html,"1.500,-",Dynaudio XEO 6 wit zijdeglans
https://www.hobo.nl/luidsprekers/monitor-audio-silver-8-wit-hoogglans.html,"1.500,-",Monitor Audio SILVER W12 rosenut
https://www.hobo.nl/luidsprekers/monitor-audio-silver-8-wit-hoogglans.html,"1.600,-",Bowers & Wilkins PV1D zwart
https://www.hobo.nl/luidsprekers/monitor-audio-silver-8-wit-hoogglans.html,"1.600,-",Bowers & Wilkins PV1D wit
https://www.hobo.nl/luidsprekers/monitor-audio-silver-8-wit-hoogglans.html,"1.650,-",Monitor Audio SILVER W12 wit hoogglans
https://www.hobo.nl/luidsprekers/monitor-audio-silver-8-wit-hoogglans.html,"1.650,-",Monitor Audio SILVER W12 zwart hoogglans
https://www.hobo.nl/hi-fi/tonar-cover-u1-std.html,"69,-",Tonar COVER U1
https://www.hobo.nl/hi-fi/tonar-cover-u1-std.html,"549,-",Pro-Ject Debut Carbon Esprit SB DC 2M-Red rood hoogglans
https://www.hobo.nl/hi-fi/tonar-cover-u1-std.html,"549,-",Pro-Ject CD BOX DS
https://www.hobo.nl/hi-fi/tonar-cover-u1-std.html,"1.200,-",Rotel RT-1570 zwart
https://www.hobo.nl/hi-fi/tonar-cover-u1-std.html,"479,-",Rotel A-10 zwart
https://www.hobo.nl/hi-fi/tonar-cover-u1-std.html,"479,-",Rotel A-10 zilver
https://www.hobo.nl/hi-fi/tonar-cover-u1-std.html,"979,-",Rotel A-12 zwart
https://www.hobo.nl/hi-fi/tonar-cover-u1-std.html,"979,-",Rotel A-12 zilver
https://www.hobo.nl/hi-fi/tonar-cover-u1-std.html,"1.279,-",Rotel A-14 zwart
https://www.hobo.nl/hi-fi/tonar-cover-u1-std.html,"1.279,-",Rotel A-14 zilver
https://www.hobo.nl/hi-fi/tonar-cover-u1-std.html,"679,-",Rotel CD-14 zwart
https://www.hobo.nl/hi-fi/tonar-cover-u1-std.html,"679,-",Rotel CD-14 zilver
https://www.hobo.nl/hi-fi/tonar-cover-u1-std.html,"399,-",Rotel T-11 zwart
https://www.hobo.nl/hi-fi/tonar-cover-u1-std.html,"399,-",Rotel T-11 zilver
https://www.hobo.nl/hi-fi/tonar-cover-u1-std.html,"849,-",Rotel T-14 zwart
https://www.hobo.nl/hi-fi/tonar-cover-u1-std.html,"849,-",Rotel T-14 zilver
https://www.hobo.nl/hi-fi/tonar-cover-u1-std.html,"2.495,-",Rotel RA-1592 zwart
https://www.hobo.nl/hi-fi/tonar-cover-u1-std.html,"2.495,-",Rotel RA-1592 zilver
https://www.hobo.nl/hi-fi/tonar-cover-u1-std.html,"699,-",NAD C338 grafiet
https://www.hobo.nl/hi-fi/tonar-cover-u1-std.html,"999,-",NAD C368 grafiet
https://www.hobo.nl/hi-fi/tonar-cover-u1-std.html,"1.749,-",NAD C388 grafiet
https://www.hobo.nl/hi-fi/tonar-cover-u1-std.html,"799,-",NAD C568 grafiet
https://www.hobo.nl/hi-fi/tonar-cover-u1-std.html,"4.499,-",NAD M32
https://www.hobo.nl/hi-fi/tonar-cover-u1-std.html,"4.750,-",NAD M50.2 Digital Music Player
https://www.hobo.nl/hi-fi/tonar-cover-u1-std.html,"699,-",Yamaha MusicCast R-N602 zilver
https://www.hobo.nl/hi-fi/tonar-cover-u1-std.html,"699,-",Yamaha MusicCast R-N602 zwart
https://www.hobo.nl/hi-fi/tonar-cover-u1-std.html,"1.550,-",Moon NEO 230HA D zwart
https://www.hobo.nl/luidsprekers/paradigm-seismic110.html,"1.699,-",Paradigm Seismic 110
https://www.hobo.nl/hi-fi/tonar-cover-u1-std.html,"1.990,-",Moon NEO 250i zwart zilver
https://www.hobo.nl/luidsprekers/paradigm-seismic110.html,"1.699,-",Paradigm Prestige 75F walnoot
https://www.hobo.nl/hi-fi/tonar-cover-u1-std.html,"3.600,-",Moon NEO 330A zwart zilver
https://www.hobo.nl/hi-fi/tonar-cover-u1-std.html,"3.900,-",Moon NEO 350P D3P zwart zilver
https://www.hobo.nl/luidsprekers/paradigm-seismic110.html,"1.699,-",Paradigm Prestige 75F zwart walnoot
https://www.hobo.nl/luidsprekers/paradigm-seismic110.html,"1.749,-",Paradigm Prestige 45C wit hoogglans
https://www.hobo.nl/hi-fi/tonar-cover-u1-std.html,"1.099,-",Yamaha MusicCast MCR-N870D zwart
https://www.hobo.nl/hi-fi/tonar-cover-u1-std.html,"1.099,-",Yamaha MusicCast MCR-N870D zilver zwart
https://www.hobo.nl/luidsprekers/paradigm-seismic110.html,"1.749,-",Paradigm Prestige 45C zwart hoogglans
https://www.hobo.nl/luidsprekers/paradigm-seismic110.html,"1.749,-",Paradigm Prestige 45C Midnight Cherry
https://www.hobo.nl/luidsprekers/paradigm-seismic110.html,"1.775,-",Martin Logan ElectroMotion ESL
https://www.hobo.nl/hi-fi/tonar-cover-u1-std.html,"379,-",Pro-Ject Debut Carbon DC paars
https://www.hobo.nl/hi-fi/tonar-cover-u1-std.html,"4.990,-",AVM MA 3.2S zilver
https://www.hobo.nl/hi-fi/tonar-cover-u1-std.html,"9.499,-",Anthem P5
https://www.hobo.nl/luidsprekers/paradigm-seismic110.html,"1.849,-",Paradigm Prestige 55C zwart walnoot
https://www.hobo.nl/luidsprekers/paradigm-seismic110.html,"1.849,-",DALI RUBICON 6 wit hoogglans
https://www.hobo.nl/luidsprekers/paradigm-seismic110.html,"1.849,-",Paradigm Prestige 55C walnoot
https://www.hobo.nl/hi-fi/tonar-cover-u1-std.html,"4.999,-",Anthem P2
https://www.hobo.nl/luidsprekers/paradigm-seismic110.html,"1.849,-",DALI RUBICON 6 walnoot
https://www.hobo.nl/luidsprekers/paradigm-seismic110.html,"1.850,-",Elac FS-407  wit hoogglans
https://www.hobo.nl/luidsprekers/paradigm-seismic110.html,"1.850,-",Elac FS-407  zwart hoogglans
https://www.hobo.nl/luidsprekers/paradigm-seismic110.html,"1.850,-",Elac FS-407 noten
https://www.hobo.nl/luidsprekers/paradigm-seismic110.html,"1.850,-",Elac FS-407 walnoot hoogglans
https://www.hobo.nl/luidsprekers/paradigm-seismic110.html,"1.950,-",Dynaudio Xeo 4 set incl Hub wit zijdeglans
https://www.hobo.nl/luidsprekers/paradigm-seismic110.html,"1.950,-",Dynaudio Xeo 4 set incl Hub zwart zijdeglans
https://www.hobo.nl/luidsprekers/paradigm-seismic110.html,"1.999,-",Paradigm Prestige 75F wit hoogglans
https://www.hobo.nl/luidsprekers/paradigm-seismic110.html,"1.999,-",Paradigm Prestige 75F zwart hoogglans
https://www.hobo.nl/luidsprekers/paradigm-seismic110.html,"1.999,-",Yamaha RX-A860 ZENSOR voordeelbundel
https://www.hobo.nl/luidsprekers/paradigm-seismic110.html,"1.999,-",Paradigm Prestige 75F Midnight Cherry
https://www.hobo.nl/luidsprekers/paradigm-seismic110.html,"2.075,-",Martin Logan ElectroMotion ESL High Gloss
https://www.hobo.nl/luidsprekers/paradigm-seismic110.html,"2.150,-",Monitor Audio PL100 II Natural Ebony
https://www.hobo.nl/luidsprekers/paradigm-seismic110.html,"2.150,-",Monitor Audio PL100 II Santos Rosewood
https://www.hobo.nl/luidsprekers/paradigm-seismic110.html,"2.150,-",Monitor Audio PL100 II Piano Black
https://www.hobo.nl/luidsprekers/paradigm-seismic110.html,"2.199,-",Paradigm Prestige 55C wit hoogglans
https://www.hobo.nl/luidsprekers/paradigm-seismic110.html,"2.199,-",Paradigm Prestige 85F walnoot
https://www.hobo.nl/luidsprekers/paradigm-seismic110.html,"2.199,-",Paradigm Prestige 55C zwart hoogglans
https://www.hobo.nl/luidsprekers/paradigm-seismic110.html,"2.199,-",Paradigm Prestige 55C Midnight Cherry
https://www.hobo.nl/luidsprekers/paradigm-seismic110.html,"2.199,-",Paradigm Prestige 85F zwart walnoot
https://www.hobo.nl/luidsprekers/paradigm-seismic110.html,"2.499,-",Paradigm Prestige 85F zwart hoogglans
https://www.hobo.nl/luidsprekers/paradigm-seismic110.html,"2.499,-",Paradigm Prestige 85F wit hoogglans
https://www.hobo.nl/luidsprekers/paradigm-seismic110.html,"2.499,-",Paradigm Prestige 85F Midnight Cherry
https://www.hobo.nl/luidsprekers/paradigm-seismic110.html,"2.599,-",Sonus faber Olympica I graphite
https://www.hobo.nl/luidsprekers/paradigm-seismic110.html,"2.599,-",Sonus faber Olympica I weng
https://www.hobo.nl/luidsprekers/paradigm-seismic110.html,"2.599,-",Sonus faber Olympica I walnoot
https://www.hobo.nl/hi-fi/anthem-m1.html,"3.999,-",Anthem M1
https://www.hobo.nl/hi-fi/anthem-m1.html,"3.490,-",AVM SD 2.2 zilver
https://www.hobo.nl/hi-fi/anthem-m1.html,"3.490,-",AVM SD 2.2 zwart
https://www.hobo.nl/hi-fi/anthem-m1.html,"6.490,-",AVM CD 6.2 zwart
https://www.hobo.nl/hi-fi/anthem-m1.html,"6.490,-",AVM CD 6.2 zilver
https://www.hobo.nl/hi-fi/anthem-m1.html,"4.990,-",AVM A 5.2T zwart
https://www.hobo.nl/hi-fi/anthem-m1.html,"4.990,-",AVM C 5.2 zwart
https://www.hobo.nl/hi-fi/anthem-m1.html,"349,-",Pro-Ject Essential III wit hoogglans
https://www.hobo.nl/hi-fi/anthem-m1.html,"349,-",Pro-Ject Essential III rood hoogglans
https://www.hobo.nl/hi-fi/anthem-m1.html,"349,-",Pro-Ject  Essential III zwart hoogglans
https://www.hobo.nl/hi-fi/anthem-m1.html,"3.900,-",Moon NEO 350P D3P zwart
https://www.hobo.nl/hi-fi/anthem-m1.html,"3.900,-",Moon NEO 350P D3P zilver
https://www.hobo.nl/hi-fi/anthem-m1.html,"3.600,-",Moon NEO 330A zwart
https://www.hobo.nl/hi-fi/anthem-m1.html,"3.600,-",Moon NEO 330A zilver
https://www.hobo.nl/hi-fi/anthem-m1.html,"1.990,-",Moon NEO 250i zwart
https://www.hobo.nl/hi-fi/anthem-m1.html,"1.990,-",Moon NEO 250i zilver
https://www.hobo.nl/hi-fi/anthem-m1.html,"4.750,-",Moon NEO 380D DSD MiND zwart
https://www.hobo.nl/hi-fi/anthem-m1.html,"1.850,-",Moon NEO 260DT zwart zilver
https://www.hobo.nl/hi-fi/anthem-m1.html,"2.650,-",Moon NEO 280D DSD MIND zwart
https://www.hobo.nl/hi-fi/anthem-m1.html,"2.650,-",Moon NEO 280D DSD MIND zilver
https://www.hobo.nl/hi-fi/anthem-m1.html,"1.850,-",Moon NEO 260DT zwart
https://www.hobo.nl/hi-fi/anthem-m1.html,"2.150,-",Moon NEO 280D DSD zwart zilver
https://www.hobo.nl/hi-fi/anthem-m1.html,"2.150,-",Moon NEO 280D DSD zilver
https://www.hobo.nl/hi-fi/anthem-m1.html,"2.150,-",Moon NEO 280D DSD zwart
https://www.hobo.nl/hi-fi/anthem-m1.html,"4.750,-",Moon NEO 380D DSD MiND zilver
https://www.hobo.nl/hi-fi/anthem-m1.html,"5.250,-",Moon NEO 380D DSD V-MiND zwart zilver 
https://www.hobo.nl/hi-fi/anthem-m1.html,"5.250,-",Moon NEO 380D DSD V-MiND zwart
https://www.hobo.nl/hi-fi/anthem-m1.html,"5.250,-",Moon NEO 380D DSD V-MiND zilver
https://www.hobo.nl/hi-fi/anthem-m1.html,"1.850,-",Moon NEO 260DT zilver
https://www.hobo.nl/luidsprekers/sonus-faber-olympica-i-zwart.html,"2.599,-",Sonus faber Olympica I zwart
https://www.hobo.nl/hi-fi/anthem-m1.html,"3.950,-",Moon NEO 340i X zwart zilver
https://www.hobo.nl/hi-fi/anthem-m1.html,"3.950,-",Moon NEO 340i X zwart
https://www.hobo.nl/luidsprekers/sonus-faber-olympica-i-zwart.html,"2.750,-",Dynaudio Focus 20 XD Black Piano Lacquer
https://www.hobo.nl/luidsprekers/sonus-faber-olympica-i-zwart.html,"2.750,-",Dynaudio Focus 20 XD White Satin
https://www.hobo.nl/luidsprekers/sonus-faber-olympica-i-zwart.html,"2.750,-",Dynaudio Focus 20 XD Walnut High Gloss
https://www.hobo.nl/hi-fi/anthem-m1.html,"3.950,-",Moon NEO 340i X zilver
https://www.hobo.nl/hi-fi/anthem-m1.html,"4.900,-",Moon NEO 340i D3PX zwart zilver
https://www.hobo.nl/hi-fi/anthem-m1.html,"4.900,-",Moon NEO 340i D3PX zwart
https://www.hobo.nl/luidsprekers/sonus-faber-olympica-i-zwart.html,"2.799,-",Paradigm Prestige 95F zwart walnoot
https://www.hobo.nl/luidsprekers/sonus-faber-olympica-i-zwart.html,"2.799,-",Paradigm Prestige 95F walnoot
https://www.hobo.nl/luidsprekers/sonus-faber-olympica-i-zwart.html,"2.850,-",Martin Logan ElectroMotion ESL X
https://www.hobo.nl/hi-fi/anthem-m1.html,"4.900,-",Moon NEO 340i D3PX zilver
https://www.hobo.nl/hi-fi/anthem-m1.html,"3.100,-",Moon NEO 350P zwart zilver
https://www.hobo.nl/luidsprekers/sonus-faber-olympica-i-zwart.html,"2.850,-",Dynaudio Focus 20 XD Grey Oak High Gloss
https://www.hobo.nl/luidsprekers/sonus-faber-olympica-i-zwart.html,"3.000,-",Bowers & Wilkins 805 D3 Wit zijdeglans
https://www.hobo.nl/luidsprekers/sonus-faber-olympica-i-zwart.html,"3.000,-",Monitor Audio PLC150 II Piano Black
https://www.hobo.nl/luidsprekers/sonus-faber-olympica-i-zwart.html,"3.000,-",Bowers & Wilkins 805 D3 Rosewood
https://www.hobo.nl/luidsprekers/sonus-faber-olympica-i-zwart.html,"3.000,-",Monitor Audio PLC150 II Natural Ebony
https://www.hobo.nl/luidsprekers/sonus-faber-olympica-i-zwart.html,"3.000,-",Bowers & Wilkins 805 D3 Zwart hoogglans
https://www.hobo.nl/luidsprekers/sonus-faber-olympica-i-zwart.html,"3.000,-",Monitor Audio PLC150 II Santos Rosewood
https://www.hobo.nl/luidsprekers/sonus-faber-olympica-i-zwart.html,"3.150,-",Martin Logan ElectroMotion ESL X High Gloss
https://www.hobo.nl/luidsprekers/sonus-faber-olympica-i-zwart.html,"3.199,-",Paradigm Prestige 95F Midnight Cherry
https://www.hobo.nl/luidsprekers/sonus-faber-olympica-i-zwart.html,"3.199,-",Paradigm Prestige 95F zwart hoogglans
https://www.hobo.nl/luidsprekers/sonus-faber-olympica-i-zwart.html,"3.199,-",Paradigm Prestige 95F White Piano
https://www.hobo.nl/luidsprekers/sonus-faber-olympica-i-zwart.html,"4.000,-",Dynaudio Focus 400 XD zwart
https://www.hobo.nl/luidsprekers/sonus-faber-olympica-i-zwart.html,"3.250,-",Dynaudio XEO 6 set zwart zijdeglans
https://www.hobo.nl/luidsprekers/sonus-faber-olympica-i-zwart.html,"3.250,-",Dynaudio XEO 6 set wit zijdeglans
https://www.hobo.nl/luidsprekers/sonus-faber-olympica-i-zwart.html,"3.799,-",Paradigm Prestige 1000SW walnoot
https://www.hobo.nl/luidsprekers/sonus-faber-olympica-i-zwart.html,"3.799,-",Paradigm Prestige 1000SW zwart
https://www.hobo.nl/luidsprekers/sonus-faber-olympica-i-zwart.html,"4.099,-",Sonus faber Olympica II zwart
https://www.hobo.nl/luidsprekers/sonus-faber-olympica-i-zwart.html,"4.099,-",Sonus faber Olympica II walnoot
https://www.hobo.nl/luidsprekers/sonus-faber-olympica-i-zwart.html,"4.099,-",Sonus faber Olympica II graphite
https://www.hobo.nl/luidsprekers/sonus-faber-olympica-i-zwart.html,"4.099,-",Sonus faber Olympica II weng
https://www.hobo.nl/luidsprekers/sonus-faber-olympica-i-zwart.html,"4.149,-",Paradigm Prestige 1000SW zwart hoogglans
https://www.hobo.nl/luidsprekers/sonus-faber-olympica-i-zwart.html,"4.149,-",Paradigm Prestige 1000SW kersen
https://www.hobo.nl/luidsprekers/sonus-faber-olympica-i-zwart.html,"4.149,-",Paradigm Prestige 1000SW wit hoogglans
https://www.hobo.nl/luidsprekers/sonus-faber-olympica-i-zwart.html,"4.250,-",Bowers & Wilkins DB1  rosenut
https://www.hobo.nl/luidsprekers/sonus-faber-olympica-i-zwart.html,"4.250,-",Bowers & Wilkins DB1  zwart hoogglans
https://www.hobo.nl/luidsprekers/sonus-faber-olympica-i-zwart.html,"4.250,-",Bowers & Wilkins DB1  kersen
https://www.hobo.nl/luidsprekers/sonus-faber-olympica-i-zwart.html,"4.300,-",Monitor Audio PLC350 II Santos Rosewood
https://www.hobo.nl/luidsprekers/sonus-faber-olympica-i-zwart.html,"4.300,-",Monitor Audio PLC350 II Piano Black
https://www.hobo.nl/luidsprekers/sonus-faber-olympica-i-zwart.html,"4.300,-",Monitor Audio PLC350 II Natural Ebony
https://www.hobo.nl/hi-fi/moon-neo-350p-zl.html,"3.100,-",Moon NEO 350P zilver
https://www.hobo.nl/hi-fi/moon-neo-350p-zl.html,"3.100,-",Moon NEO 350P zwart
https://www.hobo.nl/hi-fi/moon-neo-350p-zl.html,"800,-",Moon NEO D3 module
https://www.hobo.nl/hi-fi/moon-neo-350p-zl.html,"350,-",Moon NEO P module
https://www.hobo.nl/hi-fi/moon-neo-350p-zl.html,"300,-",Moon NEO X module
https://www.hobo.nl/hi-fi/moon-neo-350p-zl.html,"1.799,-",Yamaha A-S1100 zilver
https://www.hobo.nl/hi-fi/moon-neo-350p-zl.html,"7.400,-",Moon NEO 400M zwart zilver
https://www.hobo.nl/hi-fi/moon-neo-350p-zl.html,"1.799,-",Yamaha A-S1100 zwart
https://www.hobo.nl/hi-fi/moon-neo-350p-zl.html,"7.400,-",Moon NEO 400M zwart
https://www.hobo.nl/hi-fi/moon-neo-350p-zl.html,"7.400,-",Moon NEO 400M zilver
https://www.hobo.nl/hi-fi/moon-neo-350p-zl.html,"1.890,-",Moon NEO MiND
https://www.hobo.nl/hi-fi/moon-neo-350p-zl.html,"699,-",Yamaha A-S701 zilver
https://www.hobo.nl/hi-fi/moon-neo-350p-zl.html,"3.290,-",Moon NEO 430HA zwart
https://www.hobo.nl/hi-fi/moon-neo-350p-zl.html,"699,-",Yamaha A-S701 zwart
https://www.hobo.nl/hi-fi/moon-neo-350p-zl.html,"995,-",Yamaha A-S801 zwart
https://www.hobo.nl/hi-fi/moon-neo-350p-zl.html,"3.890,-",Moon NEO 430HA D3
https://www.hobo.nl/hi-fi/moon-neo-350p-zl.html,"995,-",Yamaha A-S801 zilver
https://www.hobo.nl/hi-fi/moon-neo-350p-zl.html,"600,-",Moon 110LP
https://www.hobo.nl/hi-fi/moon-neo-350p-zl.html,"1.690,-",Moon Neo 310LP
https://www.hobo.nl/hi-fi/moon-neo-350p-zl.html,"399,-",Yamaha CD-N301 zilver
https://www.hobo.nl/hi-fi/moon-neo-350p-zl.html,"399,-",Yamaha CD-N301 zwart
https://www.hobo.nl/hi-fi/moon-neo-350p-zl.html,"1.299,-",Yamaha CD-S1000 zilver
https://www.hobo.nl/hi-fi/moon-neo-350p-zl.html,"1.299,-",Yamaha CD-S1000 zwart
https://www.hobo.nl/hi-fi/moon-neo-350p-zl.html,"2.990,-",AVM M30 zilver
https://www.hobo.nl/hi-fi/moon-neo-350p-zl.html,"2.990,-",AVM M30 zwart
https://www.hobo.nl/hi-fi/moon-neo-350p-zl.html,"1.490,-",AVM V30 zilver
https://www.hobo.nl/hi-fi/moon-neo-350p-zl.html,"1.490,-",AVM V30 zwart
https://www.hobo.nl/hi-fi/moon-neo-350p-zl.html,"2.490,-",AVM A30 zilver
https://www.hobo.nl/hi-fi/moon-neo-350p-zl.html,"2.490,-",AVM A30 zwart
https://www.hobo.nl/hi-fi/moon-neo-350p-zl.html,"279,-",Pro-Ject Essential II  zwart (geopende verpakking)
https://www.hobo.nl/hi-fi/moon-neo-350p-zl.html,"149,-",Yamaha WXAD-10 MusicCast streamer
https://www.hobo.nl/hi-fi/moon-neo-350p-zl.html,"999,-",Paradigm Premium Wireless voordeelbundel
https://www.hobo.nl/hi-fi/moon-neo-350p-zl.html,"399,-",Pro-Ject Essential II Digital (geopende verpakking) wit
https://www.hobo.nl/hi-fi/moon-neo-350p-zl.html,"995,-",Yamaha A-S801 zilver (geopende verpakking)
https://www.hobo.nl/hi-fi/moon-neo-350p-zl.html,"1.279,-",Rotel A-14 zwart (geopende verpakking)
https://www.hobo.nl/hi-fi/moon-neo-350p-zl.html,"979,-",Rotel A-12 zilver (geopende verpakking)
